TE_information,count_1/1_USA,count_1/1_Kenya,count_1/1_Colombia,count_1/1_Senegal,count_1/1_Brazil,count_1/1_Gabon
AaegL5_1_105195379_105196306_rnd_1_family_322_Unknown_.,0.0,4.0,21.0,6.0,15.0,0.0
AaegL5_1_108054851_108055215_rnd_1_family_133_DNA_TcMar_.,0.0,6.0,22.0,3.0,13.0,0.0
AaegL5_1_109148444_109149203_rnd_3_family_308_DNA_.,0.0,4.0,18.0,4.0,15.0,0.0
AaegL5_1_116924932_116925416_rnd_1_family_771_Unknown_.,0.0,1.0,22.0,2.0,4.0,0.0
AaegL5_1_123399422_123399704_rnd_1_family_1128_Unknown_.,0.0,2.0,22.0,13.0,13.0,0.0
AaegL5_1_156333257_156334246_rnd_1_family_95_Unknown_.,4.0,15.0,4.0,18.0,2.0,11.0
AaegL5_1_16730275_16730670_rnd_1_family_500_LTR_Gypsy_.,0.0,0.0,4.0,8.0,15.0,0.0
AaegL5_1_171142911_171143595_rnd_5_family_2011_LTR_Gypsy_.,2.0,11.0,0.0,5.0,0.0,12.0
AaegL5_1_171142911_171143595_rnd_5_family_2011_LTR_Gypsy_.,2.0,11.0,0.0,5.0,0.0,12.0
AaegL5_1_171142911_171143595_rnd_5_family_2011_LTR_Gypsy_.,2.0,11.0,0.0,5.0,0.0,12.0
AaegL5_1_173769232_173769679_rnd_1_family_321_SINE_tRNA_.,1.0,16.0,3.0,5.0,1.0,3.0
AaegL5_1_174363958_174364185_rnd_1_family_411_Unknown_.,0.0,15.0,0.0,3.0,1.0,4.0
AaegL5_1_177727147_177728821_rnd_1_family_1092_DNA_.,17.0,17.0,5.0,9.0,0.0,6.0
AaegL5_1_193655478_193655852_rnd_1_family_522_DNA_Zator_.,0.0,2.0,14.0,3.0,14.0,0.0
AaegL5_1_196078411_196078773_rnd_1_family_341_LTR_Gypsy_.,11.0,0.0,6.0,17.0,5.0,3.0
AaegL5_1_198259232_198259684_rnd_1_family_234_DNA_Sola_.,8.0,0.0,5.0,17.0,0.0,3.0
AaegL5_1_198259232_198259684_rnd_1_family_234_DNA_Sola_.,8.0,0.0,5.0,17.0,0.0,3.0
AaegL5_1_242700205_242700753_rnd_5_family_714_Unknown_.,0.0,1.0,7.0,5.0,14.0,0.0
AaegL5_1_250659911_250660170_rnd_1_family_158_DNA_Zator_.,0.0,1.0,22.0,7.0,6.0,0.0
AaegL5_1_263965081_263965311_rnd_1_family_107_Unknown_.,0.0,0.0,21.0,0.0,2.0,0.0
AaegL5_1_268073580_268073876_rnd_1_family_149_DNA_hAT_Tip100_.,0.0,2.0,22.0,7.0,4.0,0.0
AaegL5_1_269487483_269487738_rnd_1_family_677_DNA_TcMar_Tc1_.,0.0,3.0,22.0,0.0,2.0,0.0
AaegL5_1_269487483_269487738_rnd_1_family_677_DNA_TcMar_Tc1_.,0.0,3.0,22.0,0.0,2.0,0.0
AaegL5_1_271388321_271388469_rnd_1_family_226_DNA_hAT_Ac_.,0.0,0.0,0.0,16.0,0.0,1.0
AaegL5_1_271402372_271402953_rnd_1_family_337_DNA_Sola_.,0.0,1.0,15.0,18.0,7.0,0.0
AaegL5_1_271402372_271402953_rnd_1_family_337_DNA_Sola_.,0.0,1.0,15.0,18.0,7.0,0.0
AaegL5_1_271402372_271402953_rnd_1_family_337_DNA_Sola_.,0.0,1.0,15.0,18.0,7.0,0.0
AaegL5_1_271462368_271462786_rnd_1_family_737_Unknown_.,0.0,0.0,22.0,0.0,1.0,0.0
AaegL5_1_271462368_271462786_rnd_1_family_737_Unknown_.,0.0,0.0,22.0,0.0,1.0,0.0
AaegL5_1_271462368_271462786_rnd_1_family_737_Unknown_.,0.0,0.0,22.0,0.0,1.0,0.0
AaegL5_1_271576927_271578244_rnd_1_family_34_SINE_tRNA_.,0.0,1.0,23.0,0.0,5.0,0.0
AaegL5_1_271576927_271578244_rnd_1_family_34_SINE_tRNA_.,0.0,1.0,23.0,0.0,5.0,0.0
AaegL5_1_271576927_271578244_rnd_1_family_34_SINE_tRNA_.,0.0,1.0,23.0,0.0,5.0,0.0
AaegL5_1_271576927_271578244_rnd_1_family_34_SINE_tRNA_.,0.0,1.0,23.0,0.0,5.0,0.0
AaegL5_1_280262341_280262977_rnd_1_family_351_DNA_hAT_hATm_.,18.0,3.0,21.0,17.0,11.0,1.0
AaegL5_1_284608079_284608496_rnd_1_family_29_DNA_.,0.0,4.0,5.0,15.0,2.0,0.0
AaegL5_1_286419545_286420010_rnd_1_family_696_Unknown_.,14.0,8.0,0.0,18.0,10.0,7.0
AaegL5_1_294719346_294719657_rnd_4_family_964_LTR_Copia_.,0.0,4.0,19.0,18.0,2.0,0.0
AaegL5_1_294719346_294719657_rnd_4_family_964_LTR_Copia_.,0.0,4.0,19.0,18.0,2.0,0.0
AaegL5_1_298994431_298994871_rnd_1_family_849_DNA_.,0.0,0.0,21.0,0.0,0.0,0.0
AaegL5_1_298994431_298994871_rnd_1_family_849_DNA_.,0.0,0.0,21.0,0.0,0.0,0.0
AaegL5_1_301153327_301153942_rnd_3_family_12_Unknown_.,0.0,2.0,22.0,2.0,13.0,0.0
AaegL5_1_301153327_301153942_rnd_3_family_12_Unknown_.,0.0,2.0,22.0,2.0,13.0,0.0
AaegL5_1_301236516_301236900_rnd_1_family_844_Unknown_.,0.0,0.0,23.0,0.0,4.0,0.0
AaegL5_1_301236516_301236900_rnd_1_family_844_Unknown_.,0.0,0.0,23.0,0.0,4.0,0.0
AaegL5_1_301236516_301236900_rnd_1_family_844_Unknown_.,0.0,0.0,23.0,0.0,4.0,0.0
AaegL5_1_301236516_301236900_rnd_1_family_844_Unknown_.,0.0,0.0,23.0,0.0,4.0,0.0
AaegL5_1_306655642_306656012_rnd_1_family_378_LINE_RTE_BovB_.,0.0,1.0,3.0,5.0,14.0,0.0
AaegL5_1_32642711_32643249_rnd_1_family_212_DNA_.,0.0,2.0,7.0,4.0,15.0,0.0
AaegL5_1_38716524_38716796_rnd_1_family_272_DNA_CMC_EnSpm_.,0.0,1.0,20.0,0.0,2.0,0.0
AaegL5_1_52341122_52341376_rnd_1_family_48_Unknown_.,0.0,2.0,23.0,6.0,9.0,0.0
AaegL5_1_52341122_52341376_rnd_1_family_48_Unknown_.,0.0,2.0,23.0,6.0,9.0,0.0
AaegL5_1_54261240_54261498_rnd_1_family_1067_LINE_RTE_.,0.0,0.0,11.0,6.0,14.0,0.0
AaegL5_1_63823376_63823848_rnd_1_family_34_SINE_tRNA_.,0.0,3.0,21.0,3.0,14.0,0.0
AaegL5_2_109392995_109393195_rnd_1_family_34_SINE_tRNA_.,4.0,0.0,22.0,5.0,3.0,0.0
AaegL5_2_112346697_112348173_rnd_1_family_30_DNA_.,9.0,0.0,15.0,0.0,15.0,0.0
AaegL5_2_122399661_122400066_rnd_5_family_955_Unknown_.,10.0,0.0,17.0,5.0,16.0,0.0
AaegL5_2_162256773_162257315_rnd_4_family_133_Unknown_.,1.0,9.0,0.0,1.0,2.0,12.0
AaegL5_2_162256773_162257315_rnd_4_family_133_Unknown_.,1.0,9.0,0.0,1.0,2.0,12.0
AaegL5_2_162256773_162257315_rnd_4_family_133_Unknown_.,1.0,9.0,0.0,1.0,2.0,12.0
AaegL5_2_166963461_166963841_rnd_1_family_813_Unknown_.,2.0,5.0,2.0,17.0,1.0,4.0
AaegL5_2_186267514_186268909_rnd_1_family_791_LTR_Copia_.,10.0,14.0,1.0,5.0,0.0,13.0
AaegL5_2_186267514_186268909_rnd_1_family_791_LTR_Copia_.,10.0,14.0,1.0,5.0,0.0,13.0
AaegL5_2_187028192_187028719_rnd_1_family_149_DNA_hAT_Tip100_.,14.0,0.0,21.0,15.0,14.0,0.0
AaegL5_2_187416907_187417196_rnd_1_family_448_Unknown_.,14.0,0.0,7.0,10.0,17.0,0.0
AaegL5_2_187416907_187417196_rnd_1_family_448_Unknown_.,14.0,0.0,7.0,10.0,17.0,0.0
AaegL5_2_196130477_196130847_rnd_1_family_247_DNA_.,14.0,9.0,17.0,17.0,12.0,1.0
AaegL5_2_214962457_214962763_rnd_5_family_488_Unknown_.,6.0,12.0,10.0,11.0,0.0,12.0
AaegL5_2_239938565_239938941_rnd_1_family_496_DNA_.,2.0,6.0,0.0,0.0,0.0,11.0
AaegL5_2_246894802_246895563_rnd_5_family_153_Unknown_.,12.0,4.0,2.0,17.0,7.0,1.0
AaegL5_2_256296103_256296536_rnd_1_family_919_Unknown_.,5.0,19.0,13.0,9.0,5.0,8.0
AaegL5_2_261663762_261664116_rnd_1_family_235_DNA_Sola_.,0.0,12.0,1.0,0.0,2.0,10.0
AaegL5_2_291381581_291381823_rnd_5_family_3023_DNA_hAT_Ac_.,2.0,0.0,1.0,16.0,0.0,1.0
AaegL5_2_291381581_291381823_rnd_5_family_3023_DNA_hAT_Ac_.,2.0,0.0,1.0,16.0,0.0,1.0
AaegL5_2_312020665_312021508_rnd_1_family_734_LTR_Gypsy_.,7.0,0.0,14.0,17.0,8.0,0.0
AaegL5_2_312020665_312021508_rnd_1_family_734_LTR_Gypsy_.,7.0,0.0,14.0,17.0,8.0,0.0
AaegL5_2_341337420_341337733_rnd_1_family_158_DNA_Zator_.,5.0,0.0,6.0,15.0,1.0,10.0
AaegL5_2_343130107_343131064_rnd_1_family_369_DNA_CMC_Transib_.,2.0,18.0,4.0,1.0,0.0,5.0
AaegL5_2_343130107_343131064_rnd_1_family_369_DNA_CMC_Transib_.,2.0,18.0,4.0,1.0,0.0,5.0
AaegL5_2_343130107_343131064_rnd_1_family_369_DNA_CMC_Transib_.,2.0,18.0,4.0,1.0,0.0,5.0
AaegL5_2_343827921_343828110_rnd_1_family_243_DNA_Sola_.,2.0,0.0,0.0,3.0,0.0,10.0
AaegL5_2_345201699_345202095_rnd_1_family_411_Unknown_.,11.0,0.0,0.0,11.0,15.0,0.0
AaegL5_2_351088912_351089311_rnd_6_family_287_LINE_I_.,9.0,0.0,18.0,5.0,18.0,0.0
AaegL5_2_351088912_351089311_rnd_6_family_287_LINE_I_.,9.0,0.0,18.0,5.0,18.0,0.0
AaegL5_2_351232666_351233040_rnd_1_family_1616_Unknown_.,13.0,0.0,0.0,0.0,16.0,0.0
AaegL5_2_351232666_351233040_rnd_1_family_1616_Unknown_.,13.0,0.0,0.0,0.0,16.0,0.0
AaegL5_2_351232666_351233040_rnd_1_family_1616_Unknown_.,13.0,0.0,0.0,0.0,16.0,0.0
AaegL5_2_351232666_351233040_rnd_1_family_1616_Unknown_.,13.0,0.0,0.0,0.0,16.0,0.0
AaegL5_2_351248110_351248584_rnd_1_family_504_Unknown_.,9.0,0.0,0.0,0.0,15.0,0.0
AaegL5_2_351287507_351287949_rnd_1_family_712_Unknown_.,13.0,0.0,0.0,0.0,16.0,0.0
AaegL5_2_351287507_351287949_rnd_1_family_712_Unknown_.,13.0,0.0,0.0,0.0,16.0,0.0
AaegL5_2_351287507_351287949_rnd_1_family_712_Unknown_.,13.0,0.0,0.0,0.0,16.0,0.0
AaegL5_2_351340950_351341397_rnd_4_family_872_SINE_tRNA_.,7.0,0.0,22.0,2.0,13.0,0.0
AaegL5_2_351340950_351341397_rnd_4_family_872_SINE_tRNA_.,7.0,0.0,22.0,2.0,13.0,0.0
AaegL5_2_351471388_351471874_rnd_1_family_696_Unknown_.,14.0,0.0,0.0,0.0,18.0,0.0
AaegL5_2_351471388_351471874_rnd_1_family_696_Unknown_.,14.0,0.0,0.0,0.0,18.0,0.0
AaegL5_2_351471388_351471874_rnd_1_family_696_Unknown_.,14.0,0.0,0.0,0.0,18.0,0.0
AaegL5_2_351471388_351471874_rnd_1_family_696_Unknown_.,14.0,0.0,0.0,0.0,18.0,0.0
AaegL5_2_379691770_379692242_rnd_1_family_337_DNA_Sola_.,4.0,0.0,0.0,7.0,0.0,10.0
AaegL5_2_383930100_383931236_rnd_1_family_235_DNA_Sola_.,12.0,0.0,2.0,16.0,7.0,10.0
AaegL5_2_383930100_383931236_rnd_1_family_235_DNA_Sola_.,12.0,0.0,2.0,16.0,7.0,10.0
AaegL5_2_395152109_395153673_rnd_1_family_9_LTR_Copia_.,10.0,0.0,23.0,5.0,9.0,0.0
AaegL5_2_395152109_395153673_rnd_1_family_9_LTR_Copia_.,10.0,0.0,23.0,5.0,9.0,0.0
AaegL5_2_413387198_413387626_rnd_1_family_411_Unknown_.,4.0,0.0,21.0,13.0,5.0,0.0
AaegL5_2_424119473_424120280_rnd_1_family_235_DNA_Sola_.,24.0,0.0,12.0,0.0,2.0,0.0
AaegL5_2_424119473_424120280_rnd_1_family_235_DNA_Sola_.,24.0,0.0,12.0,0.0,2.0,0.0
AaegL5_2_424119473_424120280_rnd_1_family_235_DNA_Sola_.,24.0,0.0,12.0,0.0,2.0,0.0
AaegL5_2_444454229_444454896_rnd_1_family_430_Unknown_.,8.0,0.0,15.0,1.0,16.0,0.0
AaegL5_2_444454229_444454896_rnd_1_family_430_Unknown_.,8.0,0.0,15.0,1.0,16.0,0.0
AaegL5_2_474097644_474097953_rnd_1_family_438_LTR_Pao_.,0.0,16.0,0.0,2.0,0.0,9.0
AaegL5_2_74192991_74193346_rnd_1_family_48_Unknown_.,3.0,6.0,22.0,13.0,0.0,2.0
AaegL5_2_78538019_78538391_rnd_1_family_188_DNA_TcMar_Fot1_.,25.0,0.0,14.0,8.0,13.0,0.0
AaegL5_2_78538019_78538391_rnd_1_family_188_DNA_TcMar_Fot1_.,25.0,0.0,14.0,8.0,13.0,0.0
AaegL5_2_92522551_92523876_rnd_1_family_426_DNA_CMC_Chapaev_.,5.0,14.0,11.0,11.0,7.0,13.0
AaegL5_2_9878385_9879111_rnd_1_family_411_Unknown_.,0.0,15.0,0.0,2.0,0.0,4.0
AaegL5_3_103074590_103074981_rnd_1_family_469_DNA_TcMar_Tc1_.,0.0,0.0,0.0,0.0,0.0,10.0
AaegL5_3_104447316_104447534_rnd_1_family_688_LINE_CR1_.,1.0,1.0,4.0,17.0,1.0,3.0
AaegL5_3_104590957_104591170_rnd_1_family_1024_LTR_Gypsy_.,3.0,0.0,23.0,4.0,2.0,0.0
AaegL5_3_104590957_104591170_rnd_1_family_1024_LTR_Gypsy_.,3.0,0.0,23.0,4.0,2.0,0.0
AaegL5_3_104590957_104591170_rnd_1_family_1024_LTR_Gypsy_.,3.0,0.0,23.0,4.0,2.0,0.0
AaegL5_3_105003902_105004450_rnd_1_family_738_Unknown_.,2.0,0.0,20.0,2.0,0.0,0.0
AaegL5_3_111341427_111342432_rnd_1_family_212_DNA_.,4.0,7.0,20.0,19.0,6.0,6.0
AaegL5_3_111341459_111342199_rnd_1_family_1235_LTR_Pao_.,2.0,8.0,19.0,19.0,3.0,5.0
AaegL5_3_138082380_138082778_rnd_1_family_642_LTR_Pao_.,3.0,0.0,17.0,16.0,8.0,9.0
AaegL5_3_178427113_178427466_rnd_1_family_34_SINE_tRNA_.,2.0,0.0,22.0,2.0,3.0,0.0
AaegL5_3_187984968_187985766_rnd_1_family_266_LTR_Gypsy_.,6.0,8.0,15.0,10.0,17.0,0.0
AaegL5_3_194752623_194752882_rnd_1_family_341_LTR_Gypsy_.,8.0,12.0,0.0,0.0,2.0,10.0
AaegL5_3_200530086_200530453_rnd_6_family_3798_Unknown_.,1.0,16.0,1.0,0.0,1.0,7.0
AaegL5_3_200530086_200530453_rnd_6_family_3798_Unknown_.,1.0,16.0,1.0,0.0,1.0,7.0
AaegL5_3_202408918_202409284_rnd_1_family_107_Unknown_.,0.0,16.0,0.0,1.0,0.0,4.0
AaegL5_3_207936369_207937024_rnd_1_family_411_Unknown_.,3.0,15.0,6.0,15.0,2.0,12.0
AaegL5_3_212572939_212573209_rnd_1_family_712_Unknown_.,0.0,0.0,0.0,3.0,0.0,11.0
AaegL5_3_212572939_212573209_rnd_1_family_712_Unknown_.,0.0,0.0,0.0,3.0,0.0,11.0
AaegL5_3_218682555_218682924_rnd_6_family_2096_LINE_L1_.,0.0,0.0,0.0,3.0,0.0,10.0
AaegL5_3_276034181_276036360_rnd_1_family_688_LINE_CR1_.,12.0,2.0,11.0,6.0,11.0,12.0
AaegL5_3_288642385_288643499_rnd_3_family_141_LINE_Jockey_.,3.0,7.0,7.0,13.0,3.0,12.0
AaegL5_3_300839492_300839843_rnd_1_family_34_SINE_tRNA_.,2.0,0.0,21.0,0.0,5.0,0.0
AaegL5_3_300919107_300919607_rnd_1_family_212_DNA_.,0.0,0.0,0.0,5.0,0.0,10.0
AaegL5_3_301117482_301118385_rnd_1_family_467_Unknown_.,4.0,1.0,0.0,8.0,0.0,11.0
AaegL5_3_315143350_315143739_rnd_1_family_677_DNA_TcMar_Tc1_.,2.0,0.0,15.0,4.0,17.0,0.0
AaegL5_3_315143350_315143739_rnd_1_family_677_DNA_TcMar_Tc1_.,2.0,0.0,15.0,4.0,17.0,0.0
AaegL5_3_315143350_315143739_rnd_1_family_677_DNA_TcMar_Tc1_.,2.0,0.0,15.0,4.0,17.0,0.0
AaegL5_3_315447038_315447417_rnd_1_family_147_Unknown_.,20.0,0.0,20.0,0.0,16.0,0.0
AaegL5_3_315667899_315668297_rnd_4_family_879_Unknown_.,18.0,4.0,17.0,0.0,15.0,0.0
AaegL5_3_342935849_342937261_rnd_6_family_1738_Unknown_.,6.0,2.0,20.0,0.0,3.0,0.0
AaegL5_3_344968066_344968476_rnd_1_family_663_LTR_Pao_.,2.0,7.0,4.0,9.0,1.0,12.0
AaegL5_3_351154003_351154309_rnd_1_family_866_Unknown_.,8.0,0.0,13.0,19.0,3.0,4.0
AaegL5_3_58045326_58045817_rnd_1_family_147_Unknown_.,23.0,2.0,22.0,7.0,12.0,0.0
AaegL5_3_6468542_6468708_rnd_1_family_242_DNA_Sola_.,18.0,0.0,17.0,2.0,16.0,0.0
AaegL5_3_89475382_89475723_rnd_1_family_117_Unknown_.,10.0,0.0,21.0,1.0,0.0,0.0
