,AaegL5_3_315923252_315923584_rnd_1_family_107_Unknown.,AaegL5_3_315974273_315975028_rnd_1_family_500_LTR_Gypsy.,AaegL5_3_315980681_315980898_rnd_1_family_421_Unknown.,AaegL5_3_315981843_315982874_rnd_1_family_770_Unknown.,AaegL5_3_315983763_V1016I_encoding_1,AaegL5_3_315983763_V1016I_encoding_2,AaegL5_3_315985226_315985375_rnd_1_family_798_LTR_Gypsy.,AaegL5_3_315985310_315985434_rnd_1_family_844_Unknown.,AaegL5_3_315999297_I915K_encoding_1,AaegL5_3_315999297_I915K_encoding_2,AaegL5_3_316014588_S723T_encoding_1,AaegL5_3_316014588_S723T_encoding_2,AaegL5_3_316029186_316029435_rnd_1_family_350_DNA_CMC_EnSpm.,AaegL5_3_316031042_316031148_rnd_5_family_93_LINE_Jockey.,AaegL5_3_316043227_316044476_rnd_1_family_99_DNA.,AaegL5_3_316043270_316044104_rnd_1_family_372_DNA.,AaegL5_3_316052517_316052762_rnd_3_family_356_DNA_Sola.,AaegL5_3_316056335_316058252_rnd_1_family_438_LTR_Pao.,AaegL5_3_316056809_316058203_rnd_1_family_68_DNA.,AaegL5_3_316057032_316057606_rnd_1_family_27_DNA.,AaegL5_3_316065082_316065738_rnd_1_family_1236_Unknown.,AaegL5_3_316065799_316065829_rnd_1_family_242_DNA_Sola.,AaegL5_3_316073058_316073400_rnd_4_family_942_DNA.,AaegL5_3_316073071_316073388_rnd_3_family_161_Unknown.,AaegL5_3_316074334_316074371_rnd_1_family_456_DNA.,AaegL5_3_316078635_316079459_rnd_1_family_71_DNA.,AaegL5_3_316080722_V410L_encoding_1,AaegL5_3_316080722_V410L_encoding_2,AaegL5_3_316082878_316084523_rnd_1_family_1257_Unknown.,AaegL5_3_316084144_316084225_rnd_1_family_493_Unknown.,AaegL5_3_316087313_316087956_rnd_1_family_321_SINE_tRNA.,AaegL5_3_316097475_316097782_rnd_1_family_1327_LINE_I.,AaegL5_3_316097549_316097768_rnd_1_family_304_LINE_I.,AaegL5_3_316105069_316106125_rnd_1_family_369_DNA_CMC_Transib.,AaegL5_3_316107360_316107635_rnd_1_family_161_DNA_Sola.,AaegL5_3_316114079_316114429_rnd_4_family_164_LINE_R1.,AaegL5_3_316133082_316133471_rnd_1_family_329_Unknown.,AaegL5_3_316171019_316171450_rnd_5_family_2931_LINE_R1.,AaegL5_3_316172088_316172825_rnd_1_family_9_LTR_Copia.,AaegL5_3_316173621_316174403_rnd_1_family_102_DNA_CMC_Chapaev.,AaegL5_3_316174332_316174443_rnd_1_family_134_Unknown.,AaegL5_3_316186732_316187971_rnd_1_family_188_DNA_TcMar_Fot1.,AaegL5_3_316186923_316187872_rnd_2_family_47_DNA_TcMar_Fot1.,AaegL5_3_316195892_316196478_rnd_1_family_500_LTR_Gypsy.,AaegL5_3_316198699_316199108_rnd_5_family_1160_LTR_Pao.,AaegL5_3_316199045_316199111_rnd_1_family_438_LTR_Pao.,AaegL5_3_316207536_316208891_rnd_1_family_41_DNA.,AaegL5_3_316213891_316214837_rnd_1_family_625_Unknown.,AaegL5_3_316217942_316218059_rnd_1_family_27_DNA.,AaegL5_3_316217947_316218072_rnd_5_family_1151_DNA.,AaegL5_3_316240811_316240976_rnd_1_family_151_Unknown.,AaegL5_3_316248915_316250248_rnd_5_family_42_DNA.,AaegL5_3_316262578_316262836_rnd_1_family_36_DNA.,AaegL5_3_316262661_316262864_rnd_1_family_844_Unknown.,AaegL5_3_316262754_316263244_rnd_1_family_456_DNA.,AaegL5_3_316267352_316267885_rnd_1_family_791_LTR_Copia.,AaegL5_3_316267514_316267860_rnd_1_family_350_DNA_CMC_EnSpm.,AaegL5_3_316267606_316267826_rnd_1_family_18_DNA_Sola.,AaegL5_3_316269308_316270197_rnd_1_family_18_DNA_Sola.,AaegL5_3_316269333_316269399_rnd_5_family_1376_DNA.,AaegL5_3_316269527_316270732_rnd_1_family_349_Unknown.,AaegL5_3_316290670_316292500_rnd_3_family_10_DNA_CMC_Chapaev.,AaegL5_3_316290729_316291599_rnd_1_family_351_DNA_hAT_hATm.,AaegL5_3_316293337_316293364_rnd_1_family_43_DNA.,AaegL5_3_316293377_316293473_rnd_1_family_911_Unknown.,AaegL5_3_316293401_316293421_rnd_1_family_281_LINE_I.,AaegL5_3_316299459_316299796_rnd_1_family_123_DNA.,AaegL5_3_316301279_316301543_rnd_1_family_34_SINE_tRNA.,AaegL5_3_316304032_316304140_rnd_1_family_441_DNA_Sola.,AaegL5_3_316304047_316304084_rnd_1_family_411_Unknown.,AaegL5_3_316304176_316304248_rnd_5_family_322_LINE_RTE_BovB.,AaegL5_3_316307695_316308045_rnd_1_family_52_DNA_CMC_Chapaev.,AaegL5_3_316307725_316308180_rnd_1_family_58_DNA.,AaegL5_3_316308386_316308931_rnd_1_family_56_DNA_CMC_Chapaev.,AaegL5_3_316310819_316311087_rnd_1_family_803_DNA_Sola.,AaegL5_3_316345224_316345241_rnd_1_family_152_DNA_CMC_Transib.,AaegL5_3_316347266_316347340_rnd_1_family_56_DNA_CMC_Chapaev.,AaegL5_3_316351039_316351317_rnd_3_family_10_DNA_CMC_Chapaev.,AaegL5_3_316355504_316355600_rnd_6_family_1235_LTR_Gypsy.,AaegL5_3_316356683_316357811_rnd_1_family_34_SINE_tRNA.,AaegL5_3_316358284_316358530_rnd_1_family_281_LINE_I.,AaegL5_3_316370265_316370269_rnd_1_family_456_DNA.,AaegL5_3_316373116_316374036_rnd_5_family_648_Unknown.,AaegL5_3_316387599_316388545_rnd_5_family_1685_DNA.,AaegL5_3_316388378_316388593_rnd_1_family_218_DNA.,AaegL5_3_316388473_316388595_rnd_5_family_921_LINE_R1.,AaegL5_3_316388533_316388598_rnd_4_family_903_LINE_R1.,AaegL5_3_316391370_316391825_rnd_5_family_1159_LTR_Copia.,AaegL5_3_316391390_316391821_rnd_4_family_879_Unknown.
AaegL5_3_315923252_315923584_rnd_1_family_107_Unknown.,1.0,,,0.04602272727272735,0.00013888888888889155,0.054444444444444455,,0.009722222222222226,0.00013888888888889155,0.054444444444444455,0.008881578947368475,0.02645502645502645,0.0017361111111111034,,0.08522727272727273,,0.02424242424242424,,,,,0.02424242424242424,,,,0.008881578947368417,0.00013888888888889155,0.054444444444444455,,,0.007440476190476179,0.05079365079365079,,0.009722222222222226,0.02424242424242424,,,0.051062091503267994,,0.026455026455026415,,,0.02424242424242424,0.009722222222222226,0.15782828282828296,0.009722222222222226,0.009722222222222226,,0.05079365079365079,0.08522727272727273,,,0.08522727272727273,0.06722222222222221,0.0017361111111111136,0.022499999999999992,0.02424242424242424,,0.08000000000000003,0.003333333333333332,0.02424242424242424,,0.17857142857142858,0.02424242424242424,0.021491228070175446,0.08522727272727273,,0.00013888888888888954,0.02424242424242424,0.05079365079365079,0.02424242424242424,0.021491228070175446,0.00013888888888888954,,,,,,,,,,,,,,0.08000000000000003,,
AaegL5_3_315974273_315975028_rnd_1_family_500_LTR_Gypsy.,,1.0,,,,,,,,,,,,,,,,,,,,,,,,,,,,,,,,,,,,,,,,,,,,,,,,,,,,,,,,,,,,,,,,,,,,,,,,,,,,,,,,,,,,,,,
AaegL5_3_315980681_315980898_rnd_1_family_421_Unknown.,,,1.0,,,,,,,,,,,,,,,,,,,,,,,,,,,,,,,,,,,,,,,,,,,,,,,,,,,,,,,,,,,,,,,,,,,,,,,,,,,,,,,,,,,,,,
AaegL5_3_315981843_315982874_rnd_1_family_770_Unknown.,0.04602272727272735,,,1.0,0.13750000000000015,0.3364267676767677,,0.10389610389610386,0.13750000000000015,0.3364267676767677,0.19298245614035095,0.23112073112073114,0.0010101010101010147,,0.04958677685950412,,0.041666666666666664,,,,,0.041666666666666664,,,,0.062300637958532676,0.13750000000000015,0.3364267676767677,,,0.19724025974025977,0.10389610389610386,,0.10389610389610386,0.04958677685950412,,,0.13732917409387999,,0.0541125541125541,,,0.04958677685950412,0.10389610389610386,0.4244719926538108,0.00018037518037517983,0.10389610389610386,,0.10389610389610386,0.04958677685950412,,,0.04958677685950412,0.16363636363636364,0.3364267676767677,0.15782828282828276,0.041666666666666664,,0.1375,0.30303030303030304,0.041666666666666664,,0.10389610389610386,0.041666666666666664,0.22966507177033488,0.04958677685950412,,0.012626262626262626,0.04958677685950412,0.0873015873015873,0.04958677685950412,0.22966507177033488,0.16363636363636364,,,,,,,,,,,,,,0.1375,,
AaegL5_3_315983763_V1016I_encoding_1,0.00013888888888889155,,,0.13750000000000015,1.0,0.07999999999999996,,0.014285714285714275,0.9999999999999993,0.07999999999999996,0.7125000000000004,0.09642857142857136,0.00013888888888889155,,0.0068181818181818135,,0.0068181818181818135,,,,,0.0068181818181818135,,,,0.026535087719298252,0.9999999999999993,0.07999999999999996,,,0.0930059523809525,0.014285714285714275,,0.014285714285714275,0.0068181818181818135,,,0.004084967320261444,,0.0021164021164021564,,,0.0068181818181818135,0.014285714285714275,0.13750000000000015,0.014285714285714275,0.014285714285714275,,0.014285714285714275,0.0068181818181818135,,,0.0068181818181818135,0.02249999999999999,0.07999999999999996,0.07999999999999996,0.0068181818181818135,,0.38027777777777777,0.041666666666666644,0.3030303030303029,,0.014285714285714275,0.0068181818181818135,0.03157894736842103,0.0068181818181818135,,0.02249999999999999,0.0068181818181818135,0.11468253968253966,0.0068181818181818135,0.03157894736842103,0.02249999999999999,,,,,,,,,,,,,,0.05444444444444445,,
AaegL5_3_315983763_V1016I_encoding_2,0.054444444444444455,,,0.3364267676767677,0.07999999999999996,1.0,,0.009722222222222222,0.07999999999999996,1.0,0.11228070175438606,0.8296296296296294,0.022499999999999992,,0.08522727272727273,,0.02424242424242424,,,,,0.08522727272727273,,,,0.11228070175438595,0.07999999999999996,1.0,,,0.23333333333333328,0.05079365079365078,,0.05079365079365078,0.02424242424242424,,,0.18823529411764706,,0.0447089947089947,,,0.02424242424242424,0.17857142857142855,0.3364267676767677,0.17857142857142855,0.17857142857142855,,0.17857142857142855,0.08522727272727273,,,0.08522727272727273,0.28125000000000006,0.3802777777777778,0.180625,0.02424242424242424,,0.07999999999999999,0.2503703703703703,0.02424242424242424,,0.17857142857142855,0.02424242424242424,0.021491228070175446,0.08522727272727273,,0.07999999999999999,0.08522727272727273,0.05079365079365078,0.02424242424242424,0.39473684210526316,0.28125000000000006,,,,,,,,,,,,,,0.07999999999999999,,
AaegL5_3_315985226_315985375_rnd_1_family_798_LTR_Gypsy.,,,,,,,1.0,,,,,,,,,,,,,,,,,,,,,,,,,,,,,,,,,,,,,,,,,,,,,,,,,,,,,,,,,,,,,,,,,,,,,,,,,,,,,,,,,,
AaegL5_3_315985310_315985434_rnd_1_family_844_Unknown.,0.009722222222222226,,,0.10389610389610386,0.014285714285714275,0.009722222222222222,,1.0,0.014285714285714275,0.009722222222222222,0.020050125313283224,0.004724111866969009,0.009722222222222222,,0.004329004329004328,,0.004329004329004328,,,,,0.004329004329004328,,,,0.07048872180451128,0.014285714285714275,0.009722222222222222,,,0.04166666666666666,0.20464852607709744,,0.009070294784580497,0.004329004329004328,,,0.028244631185807657,,0.06122448979591836,,,0.004329004329004328,0.20464852607709744,0.10389610389610386,0.20464852607709744,0.009070294784580497,,0.009070294784580497,0.004329004329004328,,,0.4772727272727271,0.014285714285714284,0.009722222222222222,0.009722222222222222,0.004329004329004328,,0.014285714285714284,0.04470899470899469,0.004329004329004328,,0.009070294784580497,0.004329004329004328,0.020050125313283203,0.004329004329004328,,0.014285714285714284,0.004329004329004328,0.009070294784580497,0.4772727272727271,0.020050125313283203,0.1146825396825397,,,,,,,,,,,,,,0.014285714285714284,,
AaegL5_3_315999297_I915K_encoding_1,0.00013888888888889155,,,0.13750000000000015,0.9999999999999993,0.07999999999999996,,0.014285714285714275,1.0,0.07999999999999996,0.7125000000000004,0.09642857142857136,0.00013888888888889155,,0.0068181818181818135,,0.0068181818181818135,,,,,0.0068181818181818135,,,,0.026535087719298252,0.9999999999999993,0.07999999999999996,,,0.0930059523809525,0.014285714285714275,,0.014285714285714275,0.0068181818181818135,,,0.004084967320261444,,0.0021164021164021564,,,0.0068181818181818135,0.014285714285714275,0.13750000000000015,0.014285714285714275,0.014285714285714275,,0.014285714285714275,0.0068181818181818135,,,0.0068181818181818135,0.02249999999999999,0.07999999999999996,0.07999999999999996,0.0068181818181818135,,0.38027777777777777,0.041666666666666644,0.3030303030303029,,0.014285714285714275,0.0068181818181818135,0.03157894736842103,0.0068181818181818135,,0.02249999999999999,0.0068181818181818135,0.11468253968253966,0.0068181818181818135,0.03157894736842103,0.02249999999999999,,,,,,,,,,,,,,0.05444444444444445,,
AaegL5_3_315999297_I915K_encoding_2,0.054444444444444455,,,0.3364267676767677,0.07999999999999996,1.0,,0.009722222222222222,0.07999999999999996,1.0,0.11228070175438606,0.8296296296296294,0.022499999999999992,,0.08522727272727273,,0.02424242424242424,,,,,0.08522727272727273,,,,0.11228070175438595,0.07999999999999996,1.0,,,0.23333333333333328,0.05079365079365078,,0.05079365079365078,0.02424242424242424,,,0.18823529411764706,,0.0447089947089947,,,0.02424242424242424,0.17857142857142855,0.3364267676767677,0.17857142857142855,0.17857142857142855,,0.17857142857142855,0.08522727272727273,,,0.08522727272727273,0.28125000000000006,0.3802777777777778,0.180625,0.02424242424242424,,0.07999999999999999,0.2503703703703703,0.02424242424242424,,0.17857142857142855,0.02424242424242424,0.021491228070175446,0.08522727272727273,,0.07999999999999999,0.08522727272727273,0.05079365079365078,0.02424242424242424,0.39473684210526316,0.28125000000000006,,,,,,,,,,,,,,0.07999999999999999,,
AaegL5_3_316014588_S723T_encoding_1,0.008881578947368475,,,0.19298245614035095,0.7125000000000004,0.11228070175438606,,0.020050125313283224,0.7125000000000004,0.11228070175438606,1.0,0.13533834586466162,0.008881578947368475,,0.00956937799043063,,0.00956937799043063,,,,,0.00956937799043063,,,,0.008483379501385026,0.7125000000000004,0.11228070175438606,,,0.19748590225563922,0.020050125313283224,,0.020050125313283224,0.00956937799043063,,,0.06243550051599591,,0.01764828738512951,,,0.00956937799043063,0.020050125313283224,0.19298245614035095,0.020050125313283224,0.020050125313283224,,0.020050125313283224,0.00956937799043063,,,0.00956937799043063,0.03157894736842104,0.11228070175438606,0.008881578947368475,0.00956937799043063,,0.7125,0.05847953216374269,0.21590909090909088,,0.020050125313283224,0.21590909090909088,0.04432132963988924,0.00956937799043063,,0.02653508771929826,0.00956937799043063,0.4523809523809523,0.00956937799043063,0.04432132963988924,0.03157894736842104,,,,,,,,,,,,,,0.25350877192982463,,
AaegL5_3_316014588_S723T_encoding_2,0.02645502645502645,,,0.23112073112073114,0.09642857142857136,0.8296296296296294,,0.004724111866969009,0.09642857142857136,0.8296296296296294,0.13533834586466162,1.0,0.0005952380952380949,,0.07070707070707069,,0.029220779220779217,,,,,0.07070707070707069,,,,0.13533834586466165,0.09642857142857136,0.8296296296296294,,,0.11337868480725627,0.06122448979591836,,0.06122448979591836,0.029220779220779217,,,0.07477435418611889,,0.009070294784580471,,,0.029220779220779217,0.1481481481481481,0.23112073112073114,0.1481481481481481,0.1481481481481481,,0.1481481481481481,0.07070707070707069,,,0.07070707070707069,0.23333333333333325,0.28809523809523807,0.12228835978835975,0.07070707070707069,,0.09642857142857142,0.19479717813051137,0.029220779220779217,,0.1481481481481481,0.029220779220779217,0.010442773600668337,0.07070707070707069,,0.002116402116402118,0.07070707070707069,0.06122448979591836,0.029220779220779217,0.32748538011695905,0.23333333333333325,,,,,,,,,,,,,,0.09642857142857142,,
AaegL5_3_316029186_316029435_rnd_1_family_350_DNA_CMC_EnSpm.,0.0017361111111111034,,,0.0010101010101010147,0.00013888888888889155,0.022499999999999992,,0.009722222222222222,0.00013888888888889155,0.022499999999999992,0.008881578947368475,0.0005952380952380949,1.0,,0.02424242424242424,,0.02424242424242424,,,,,0.02424242424242424,,,,0.021491228070175446,0.00013888888888889155,0.022499999999999992,,,0.08102678571428568,0.009722222222222226,,0.009722222222222226,0.02424242424242424,,,0.00032679738562091653,,0.026455026455026415,,,0.08522727272727273,0.009722222222222226,0.022790404040403982,0.05079365079365079,0.009722222222222226,,0.009722222222222226,0.08522727272727273,,,0.02424242424242424,0.00013888888888888954,0.0017361111111111136,0.022499999999999992,0.08522727272727273,,0.08000000000000003,0.003333333333333332,0.02424242424242424,,0.009722222222222226,0.02424242424242424,0.11228070175438595,0.08522727272727273,,0.00013888888888888954,0.02424242424242424,0.05079365079365079,0.08522727272727273,0.008881578947368417,0.00013888888888888954,,,,,,,,,,,,,,0.08000000000000003,,
AaegL5_3_316031042_316031148_rnd_5_family_93_LINE_Jockey.,,,,,,,,,,,,,,1.0,,,,,,,,,,,,,,,,,,,,,,,,,,,,,,,,,,,,,,,,,,,,,,,,,,,,,,,,,,,,,,,,,,,,,,,,,,,
AaegL5_3_316043227_316044476_rnd_1_family_99_DNA.,0.08522727272727273,,,0.04958677685950412,0.0068181818181818135,0.08522727272727273,,0.004329004329004328,0.0068181818181818135,0.08522727272727273,0.00956937799043063,0.07070707070707069,0.02424242424242424,,1.0,,0.0020661157024793385,,,,,0.0020661157024793385,,,,0.00956937799043062,0.0068181818181818135,0.08522727272727273,,,0.019886363636363636,0.004329004329004328,,0.004329004329004328,0.0020661157024793385,,,0.0160427807486631,,0.029220779220779224,,,0.0020661157024793385,0.004329004329004328,0.04958677685950412,0.004329004329004328,0.004329004329004328,,0.004329004329004328,0.0020661157024793385,,,0.0020661157024793385,0.30303030303030304,0.08522727272727273,0.08522727272727273,0.0020661157024793385,,0.006818181818181817,0.012626262626262624,0.0020661157024793385,,0.004329004329004328,0.0020661157024793385,0.21590909090909086,0.0020661157024793385,,0.006818181818181817,0.0020661157024793385,0.004329004329004328,0.0020661157024793385,0.21590909090909086,0.006818181818181817,,,,,,,,,,,,,,0.006818181818181817,,
AaegL5_3_316043270_316044104_rnd_1_family_372_DNA.,,,,,,,,,,,,,,,,1.0,,,,,,,,,,,,,,,,,,,,,,,,,,,,,,,,,,,,,,,,,,,,,,,,,,,,,,,,,,,,,,,,,,,,,,,,,
AaegL5_3_316052517_316052762_rnd_3_family_356_DNA_Sola.,0.02424242424242424,,,0.041666666666666664,0.0068181818181818135,0.02424242424242424,,0.004329004329004328,0.0068181818181818135,0.02424242424242424,0.00956937799043063,0.029220779220779217,0.02424242424242424,,0.0020661157024793385,,1.0,,,,,0.0020661157024793385,,,,0.00956937799043062,0.0068181818181818135,0.02424242424242424,,,0.019886363636363636,0.004329004329004328,,0.004329004329004328,0.0020661157024793385,,,0.1287878787878788,,0.0707070707070707,,,0.0020661157024793385,0.004329004329004328,0.041666666666666664,0.004329004329004328,0.004329004329004328,,0.004329004329004328,0.0020661157024793385,,,0.0020661157024793385,0.006818181818181817,0.02424242424242424,0.02424242424242424,0.0020661157024793385,,0.006818181818181817,0.012626262626262624,0.0020661157024793385,,0.004329004329004328,0.0020661157024793385,0.00956937799043062,0.0020661157024793385,,0.006818181818181817,0.0020661157024793385,0.004329004329004328,0.0020661157024793385,0.00956937799043062,0.006818181818181817,,,,,,,,,,,,,,0.006818181818181817,,
AaegL5_3_316056335_316058252_rnd_1_family_438_LTR_Pao.,,,,,,,,,,,,,,,,,,1.0,,,,,,,,,,,,,,,,,,,,,,,,,,,,,,,,,,,,,,,,,,,,,,,,,,,,,,,,,,,,,,,,,,,,,,,
AaegL5_3_316056809_316058203_rnd_1_family_68_DNA.,,,,,,,,,,,,,,,,,,,1.0,,,,,,,,,,,,,,,,,,,,,,,,,,,,,,,,,,,,,,,,,,,,,,,,,,,,,,,,,,,,,,,,,,,,,,
AaegL5_3_316057032_316057606_rnd_1_family_27_DNA.,,,,,,,,,,,,,,,,,,,,1.0,,,,,,,,,,,,,,,,,,,,,,,,,,,,,,,,,,,,,,,,,,,,,,,,,,,,,,,,,,,,,,,,,,,,,
AaegL5_3_316065082_316065738_rnd_1_family_1236_Unknown.,,,,,,,,,,,,,,,,,,,,,1.0,,,,,,,,,,,,,,,,,,,,,,,,,,,,,,,,,,,,,,,,,,,,,,,,,,,,,,,,,,,,,,,,,,,,
AaegL5_3_316065799_316065829_rnd_1_family_242_DNA_Sola.,0.02424242424242424,,,0.041666666666666664,0.0068181818181818135,0.08522727272727273,,0.004329004329004328,0.0068181818181818135,0.08522727272727273,0.00956937799043063,0.07070707070707069,0.02424242424242424,,0.0020661157024793385,,0.0020661157024793385,,,,,1.0,,,,0.00956937799043062,0.0068181818181818135,0.08522727272727273,,,0.019886363636363636,0.004329004329004328,,0.004329004329004328,0.0020661157024793385,,,0.0160427807486631,,0.029220779220779224,,,0.0020661157024793385,0.004329004329004328,0.04958677685950412,0.4772727272727271,0.004329004329004328,,0.004329004329004328,0.0020661157024793385,,,0.0020661157024793385,0.006818181818181817,0.08522727272727273,0.08522727272727273,0.0020661157024793385,,0.006818181818181817,0.012626262626262624,0.0020661157024793385,,0.004329004329004328,0.0020661157024793385,0.00956937799043062,0.0020661157024793385,,0.006818181818181817,0.0020661157024793385,0.004329004329004328,0.0020661157024793385,0.00956937799043062,0.006818181818181817,,,,,,,,,,,,,,0.006818181818181817,,
AaegL5_3_316073058_316073400_rnd_4_family_942_DNA.,,,,,,,,,,,,,,,,,,,,,,,1.0,,,,,,,,,,,,,,,,,,,,,,,,,,,,,,,,,,,,,,,,,,,,,,,,,,,,,,,,,,,,,,,,,,
AaegL5_3_316073071_316073388_rnd_3_family_161_Unknown.,,,,,,,,,,,,,,,,,,,,,,,,1.0,,,,,,,,,,,,,,,,,,,,,,,,,,,,,,,,,,,,,,,,,,,,,,,,,,,,,,,,,,,,,,,,,
AaegL5_3_316074334_316074371_rnd_1_family_456_DNA.,,,,,,,,,,,,,,,,,,,,,,,,,1.0,,,,,,,,,,,,,,,,,,,,,,,,,,,,,,,,,,,,,,,,,,,,,,,,,,,,,,,,,,,,,,,,
AaegL5_3_316078635_316079459_rnd_1_family_71_DNA.,0.008881578947368417,,,0.062300637958532676,0.026535087719298252,0.11228070175438595,,0.07048872180451128,0.026535087719298252,0.11228070175438595,0.008483379501385026,0.13533834586466165,0.021491228070175446,,0.00956937799043062,,0.00956937799043062,,,,,0.00956937799043062,,,,1.0,0.026535087719298252,0.11228070175438595,,,0.03806390977443609,0.07048872180451128,,0.4523809523809523,0.009569377990430622,,,0.0001289989680082556,,0.13533834586466165,,,0.21590909090909088,0.020050125313283203,0.0003987240829346081,0.020050125313283203,0.020050125313283203,,0.020050125313283203,0.009569377990430622,,,0.009569377990430622,0.03157894736842105,0.008881578947368417,0.008881578947368417,0.009569377990430622,,0.02653508771929825,0.00131578947368421,0.009569377990430622,,0.020050125313283203,0.009569377990430622,0.008483379501385044,0.009569377990430622,,0.02653508771929825,0.009569377990430622,0.07048872180451128,0.21590909090909088,0.04432132963988919,0.03157894736842105,,,,,,,,,,,,,,0.03157894736842105,,
AaegL5_3_316080722_V410L_encoding_1,0.00013888888888889155,,,0.13750000000000015,0.9999999999999993,0.07999999999999996,,0.014285714285714275,0.9999999999999993,0.07999999999999996,0.7125000000000004,0.09642857142857136,0.00013888888888889155,,0.0068181818181818135,,0.0068181818181818135,,,,,0.0068181818181818135,,,,0.026535087719298252,1.0,0.07999999999999996,,,0.0930059523809525,0.014285714285714275,,0.014285714285714275,0.0068181818181818135,,,0.004084967320261444,,0.0021164021164021564,,,0.0068181818181818135,0.014285714285714275,0.13750000000000015,0.014285714285714275,0.014285714285714275,,0.014285714285714275,0.0068181818181818135,,,0.0068181818181818135,0.02249999999999999,0.07999999999999996,0.07999999999999996,0.0068181818181818135,,0.38027777777777777,0.041666666666666644,0.3030303030303029,,0.014285714285714275,0.0068181818181818135,0.03157894736842103,0.0068181818181818135,,0.02249999999999999,0.0068181818181818135,0.11468253968253966,0.0068181818181818135,0.03157894736842103,0.02249999999999999,,,,,,,,,,,,,,0.05444444444444445,,
AaegL5_3_316080722_V410L_encoding_2,0.054444444444444455,,,0.3364267676767677,0.07999999999999996,1.0,,0.009722222222222222,0.07999999999999996,1.0,0.11228070175438606,0.8296296296296294,0.022499999999999992,,0.08522727272727273,,0.02424242424242424,,,,,0.08522727272727273,,,,0.11228070175438595,0.07999999999999996,1.0,,,0.23333333333333328,0.05079365079365078,,0.05079365079365078,0.02424242424242424,,,0.18823529411764706,,0.0447089947089947,,,0.02424242424242424,0.17857142857142855,0.3364267676767677,0.17857142857142855,0.17857142857142855,,0.17857142857142855,0.08522727272727273,,,0.08522727272727273,0.28125000000000006,0.3802777777777778,0.180625,0.02424242424242424,,0.07999999999999999,0.2503703703703703,0.02424242424242424,,0.17857142857142855,0.02424242424242424,0.021491228070175446,0.08522727272727273,,0.07999999999999999,0.08522727272727273,0.05079365079365078,0.02424242424242424,0.39473684210526316,0.28125000000000006,,,,,,,,,,,,,,0.07999999999999999,,
AaegL5_3_316082878_316084523_rnd_1_family_1257_Unknown.,,,,,,,,,,,,,,,,,,,,,,,,,,,,,1.0,,,,,,,,,,,,,,,,,,,,,,,,,,,,,,,,,,,,,,,,,,,,,,,,,,,,,,,,,,,,
AaegL5_3_316084144_316084225_rnd_1_family_493_Unknown.,,,,,,,,,,,,,,,,,,,,,,,,,,,,,,1.0,,,,,,,,,,,,,,,,,,,,,,,,,,,,,,,,,,,,,,,,,,,,,,,,,,,,,,,,,,,
AaegL5_3_316087313_316087956_rnd_1_family_321_SINE_tRNA.,0.007440476190476179,,,0.19724025974025977,0.0930059523809525,0.23333333333333328,,0.04166666666666666,0.0930059523809525,0.23333333333333328,0.19748590225563922,0.11337868480725627,0.08102678571428568,,0.019886363636363636,,0.019886363636363636,,,,,0.019886363636363636,,,,0.03806390977443609,0.0930059523809525,0.23333333333333328,,,1.0,0.04166666666666666,,0.01721938775510204,0.019886363636363636,,,0.21883753501400555,,0.002551020408163277,,,0.019886363636363636,0.04166666666666666,0.06500270562770563,0.04166666666666666,0.04166666666666666,,0.04166666666666666,0.019886363636363636,,,0.019886363636363636,0.06562500000000003,0.23333333333333328,0.0810267857142857,0.10389610389610388,,0.34285714285714286,0.12152777777777782,0.10389610389610388,,0.04166666666666666,0.10389610389610388,0.0029370300751879698,0.019886363636363636,,0.34285714285714286,0.019886363636363636,0.2176870748299319,0.019886363636363636,0.09210526315789472,0.06562500000000003,,,,,,,,,,,,,,0.34285714285714286,,
AaegL5_3_316097475_316097782_rnd_1_family_1327_LINE_I.,0.05079365079365079,,,0.10389610389610386,0.014285714285714275,0.05079365079365078,,0.20464852607709744,0.014285714285714275,0.05079365079365078,0.020050125313283224,0.06122448979591836,0.009722222222222226,,0.004329004329004328,,0.004329004329004328,,,,,0.004329004329004328,,,,0.07048872180451128,0.014285714285714275,0.05079365079365078,,,0.04166666666666666,1.0,,0.009070294784580497,0.4772727272727271,,,0.028244631185807657,,0.004724111866969009,,,0.004329004329004328,0.009070294784580497,0.10389610389610386,0.009070294784580497,0.009070294784580497,,0.009070294784580497,0.004329004329004328,,,0.004329004329004328,0.014285714285714284,0.009722222222222222,0.17857142857142855,0.004329004329004328,,0.014285714285714284,0.04470899470899469,0.004329004329004328,,0.009070294784580497,0.004329004329004328,0.07048872180451128,0.004329004329004328,,0.014285714285714284,0.004329004329004328,0.009070294784580497,0.4772727272727271,0.020050125313283203,0.014285714285714284,,,,,,,,,,,,,,0.014285714285714284,,
AaegL5_3_316097549_316097768_rnd_1_family_304_LINE_I.,,,,,,,,,,,,,,,,,,,,,,,,,,,,,,,,,1.0,,,,,,,,,,,,,,,,,,,,,,,,,,,,,,,,,,,,,,,,,,,,,,,,,,,,,,,,
AaegL5_3_316105069_316106125_rnd_1_family_369_DNA_CMC_Transib.,0.009722222222222226,,,0.10389610389610386,0.014285714285714275,0.05079365079365078,,0.009070294784580497,0.014285714285714275,0.05079365079365078,0.020050125313283224,0.06122448979591836,0.009722222222222226,,0.004329004329004328,,0.004329004329004328,,,,,0.004329004329004328,,,,0.4523809523809523,0.014285714285714275,0.05079365079365078,,,0.01721938775510204,0.009070294784580497,,1.0,0.004329004329004328,,,0.03361344537815125,,0.06122448979591836,,,0.4772727272727271,0.009070294784580497,0.00018037518037517983,0.009070294784580497,0.009070294784580497,,0.009070294784580497,0.004329004329004328,,,0.004329004329004328,0.014285714285714284,0.009722222222222222,0.05079365079365078,0.004329004329004328,,0.014285714285714284,0.02645502645502645,0.004329004329004328,,0.009070294784580497,0.004329004329004328,0.07048872180451128,0.004329004329004328,,0.1146825396825397,0.004329004329004328,0.009070294784580497,0.004329004329004328,0.020050125313283203,0.014285714285714284,,,,,,,,,,,,,,0.014285714285714284,,
AaegL5_3_316107360_316107635_rnd_1_family_161_DNA_Sola.,0.02424242424242424,,,0.04958677685950412,0.0068181818181818135,0.02424242424242424,,0.004329004329004328,0.0068181818181818135,0.02424242424242424,0.00956937799043063,0.029220779220779217,0.02424242424242424,,0.0020661157024793385,,0.0020661157024793385,,,,,0.0020661157024793385,,,,0.009569377990430622,0.0068181818181818135,0.02424242424242424,,,0.019886363636363636,0.4772727272727271,,0.004329004329004328,1.0,,,0.0160427807486631,,0.0707070707070707,,,0.0020661157024793385,0.004329004329004328,0.04958677685950412,0.004329004329004328,0.004329004329004328,,0.004329004329004328,0.0020661157024793385,,,0.0020661157024793385,0.006818181818181817,0.08522727272727273,0.08522727272727273,0.0020661157024793385,,0.006818181818181817,0.012626262626262624,0.0020661157024793385,,0.004329004329004328,0.0020661157024793385,0.21590909090909086,0.0020661157024793385,,0.006818181818181817,0.0020661157024793385,0.004329004329004328,0.0020661157024793385,0.00956937799043062,0.006818181818181817,,,,,,,,,,,,,,0.006818181818181817,,
AaegL5_3_316114079_316114429_rnd_4_family_164_LINE_R1.,,,,,,,,,,,,,,,,,,,,,,,,,,,,,,,,,,,,1.0,,,,,,,,,,,,,,,,,,,,,,,,,,,,,,,,,,,,,,,,,,,,,,,,,,,,,
AaegL5_3_316133082_316133471_rnd_1_family_329_Unknown.,,,,,,,,,,,,,,,,,,,,,,,,,,,,,,,,,,,,,1.0,,,,,,,,,,,,,,,,,,,,,,,,,,,,,,,,,,,,,,,,,,,,,,,,,,,,
AaegL5_3_316171019_316171450_rnd_5_family_2931_LINE_R1.,0.051062091503267994,,,0.13732917409387999,0.004084967320261444,0.18823529411764706,,0.028244631185807657,0.004084967320261444,0.18823529411764706,0.06243550051599591,0.07477435418611889,0.00032679738562091653,,0.0160427807486631,,0.1287878787878788,,,,,0.0160427807486631,,,,0.0001289989680082556,0.004084967320261444,0.18823529411764706,,,0.21883753501400555,0.028244631185807657,,0.03361344537815125,0.0160427807486631,,,1.0,,0.017507002801120476,,,0.0160427807486631,0.03361344537815126,0.02970885323826501,0.03361344537815126,0.03361344537815126,,0.03361344537815126,0.0160427807486631,,,0.0160427807486631,0.05294117647058824,0.18823529411764706,0.0003267973856209142,0.1287878787878788,,0.12810457516339868,0.00533769063180828,0.1287878787878788,,0.03361344537815126,0.1287878787878788,0.07430340557275542,0.0160427807486631,,0.12810457516339868,0.0160427807486631,0.02824463118580766,0.1287878787878788,0.07430340557275542,0.05294117647058824,,,,,,,,,,,,,,0.12810457516339868,,
AaegL5_3_316172088_316172825_rnd_1_family_9_LTR_Copia.,,,,,,,,,,,,,,,,,,,,,,,,,,,,,,,,,,,,,,,1.0,,,,,,,,,,,,,,,,,,,,,,,,,,,,,,,,,,,,,,,,,,,,,,,,,,
AaegL5_3_316173621_316174403_rnd_1_family_102_DNA_CMC_Chapaev.,0.026455026455026415,,,0.0541125541125541,0.0021164021164021564,0.0447089947089947,,0.06122448979591836,0.0021164021164021564,0.0447089947089947,0.01764828738512951,0.009070294784580471,0.026455026455026415,,0.029220779220779224,,0.0707070707070707,,,,,0.029220779220779224,,,,0.13533834586466165,0.0021164021164021564,0.0447089947089947,,,0.002551020408163277,0.004724111866969009,,0.06122448979591836,0.0707070707070707,,,0.017507002801120476,,1.0,,,0.029220779220779217,0.06122448979591836,0.05411255411255409,0.06122448979591836,0.1481481481481481,,0.004724111866969009,0.07070707070707069,,,0.029220779220779217,0.0021164021164021105,0.000595238095238095,0.000595238095238095,0.07070707070707069,,0.09642857142857139,8.818342151675654e-05,0.029220779220779217,,0.004724111866969009,0.029220779220779217,0.017648287385129486,0.07070707070707069,,0.0021164021164021105,0.029220779220779217,0.06122448979591836,0.029220779220779217,0.017648287385129486,0.09642857142857139,,,,,,,,,,,,,,0.0021164021164021105,,
AaegL5_3_316174332_316174443_rnd_1_family_134_Unknown.,,,,,,,,,,,,,,,,,,,,,,,,,,,,,,,,,,,,,,,,,1.0,,,,,,,,,,,,,,,,,,,,,,,,,,,,,,,,,,,,,,,,,,,,,,,,
AaegL5_3_316186732_316187971_rnd_1_family_188_DNA_TcMar_Fot1.,,,,,,,,,,,,,,,,,,,,,,,,,,,,,,,,,,,,,,,,,,1.0,,,,,,,,,,,,,,,,,,,,,,,,,,,,,,,,,,,,,,,,,,,,,,,
AaegL5_3_316186923_316187872_rnd_2_family_47_DNA_TcMar_Fot1.,0.02424242424242424,,,0.04958677685950412,0.0068181818181818135,0.02424242424242424,,0.004329004329004328,0.0068181818181818135,0.02424242424242424,0.00956937799043063,0.029220779220779217,0.08522727272727273,,0.0020661157024793385,,0.0020661157024793385,,,,,0.0020661157024793385,,,,0.21590909090909088,0.0068181818181818135,0.02424242424242424,,,0.019886363636363636,0.004329004329004328,,0.4772727272727271,0.0020661157024793385,,,0.0160427807486631,,0.029220779220779217,,,1.0,0.004329004329004328,0.041666666666666664,0.004329004329004328,0.004329004329004328,,0.004329004329004328,0.0020661157024793385,,,0.0020661157024793385,0.006818181818181817,0.08522727272727273,0.02424242424242424,0.0020661157024793385,,0.006818181818181817,0.012626262626262624,0.0020661157024793385,,0.004329004329004328,0.0020661157024793385,0.00956937799043062,0.0020661157024793385,,0.006818181818181817,0.0020661157024793385,0.004329004329004328,0.0020661157024793385,0.00956937799043062,0.006818181818181817,,,,,,,,,,,,,,0.006818181818181817,,
AaegL5_3_316195892_316196478_rnd_1_family_500_LTR_Gypsy.,0.009722222222222226,,,0.10389610389610386,0.014285714285714275,0.17857142857142855,,0.20464852607709744,0.014285714285714275,0.17857142857142855,0.020050125313283224,0.1481481481481481,0.009722222222222226,,0.004329004329004328,,0.004329004329004328,,,,,0.004329004329004328,,,,0.020050125313283203,0.014285714285714275,0.17857142857142855,,,0.04166666666666666,0.009070294784580497,,0.009070294784580497,0.004329004329004328,,,0.03361344537815126,,0.06122448979591836,,,0.004329004329004328,1.0,0.10389610389610386,0.20464852607709744,0.009070294784580497,,0.20464852607709744,0.004329004329004328,,,0.4772727272727271,0.014285714285714284,0.17857142857142855,0.05079365079365078,0.004329004329004328,,0.014285714285714284,0.02645502645502645,0.004329004329004328,,0.009070294784580497,0.004329004329004328,0.020050125313283203,0.004329004329004328,,0.014285714285714284,0.004329004329004328,0.009070294784580497,0.004329004329004328,0.07048872180451128,0.634920634920635,,,,,,,,,,,,,,0.014285714285714284,,
AaegL5_3_316198699_316199108_rnd_5_family_1160_LTR_Pao.,0.15782828282828296,,,0.4244719926538108,0.13750000000000015,0.3364267676767677,,0.10389610389610386,0.13750000000000015,0.3364267676767677,0.19298245614035095,0.23112073112073114,0.022790404040403982,,0.04958677685950412,,0.041666666666666664,,,,,0.04958677685950412,,,,0.0003987240829346081,0.13750000000000015,0.3364267676767677,,,0.06500270562770563,0.10389610389610386,,0.00018037518037517983,0.04958677685950412,,,0.02970885323826501,,0.05411255411255409,,,0.041666666666666664,0.10389610389610386,1.0,0.10389610389610386,0.00018037518037517983,,0.00018037518037517983,0.04958677685950412,,,0.04958677685950412,0.16363636363636364,0.15782828282828276,0.15782828282828276,0.041666666666666664,,0.1375,0.11523569023569025,0.041666666666666664,,0.10389610389610386,0.041666666666666664,0.22966507177033488,0.04958677685950412,,0.012626262626262626,0.04958677685950412,0.0873015873015873,0.04958677685950412,0.062300637958532676,0.16363636363636364,,,,,,,,,,,,,,0.1375,,
AaegL5_3_316199045_316199111_rnd_1_family_438_LTR_Pao.,0.009722222222222226,,,0.00018037518037517983,0.014285714285714275,0.17857142857142855,,0.20464852607709744,0.014285714285714275,0.17857142857142855,0.020050125313283224,0.1481481481481481,0.05079365079365079,,0.004329004329004328,,0.004329004329004328,,,,,0.4772727272727271,,,,0.020050125313283203,0.014285714285714275,0.17857142857142855,,,0.04166666666666666,0.009070294784580497,,0.009070294784580497,0.004329004329004328,,,0.03361344537815126,,0.06122448979591836,,,0.004329004329004328,0.20464852607709744,0.10389610389610386,1.0,0.009070294784580497,,0.009070294784580497,0.004329004329004328,,,0.4772727272727271,0.014285714285714284,0.17857142857142855,0.009722222222222222,0.004329004329004328,,0.014285714285714284,0.02645502645502645,0.004329004329004328,,0.009070294784580497,0.004329004329004328,0.020050125313283203,0.004329004329004328,,0.014285714285714284,0.004329004329004328,0.009070294784580497,0.004329004329004328,0.020050125313283203,0.1146825396825397,,,,,,,,,,,,,,0.014285714285714284,,
AaegL5_3_316207536_316208891_rnd_1_family_41_DNA.,0.009722222222222226,,,0.10389610389610386,0.014285714285714275,0.17857142857142855,,0.009070294784580497,0.014285714285714275,0.17857142857142855,0.020050125313283224,0.1481481481481481,0.009722222222222226,,0.004329004329004328,,0.004329004329004328,,,,,0.004329004329004328,,,,0.020050125313283203,0.014285714285714275,0.17857142857142855,,,0.04166666666666666,0.009070294784580497,,0.009070294784580497,0.004329004329004328,,,0.03361344537815126,,0.1481481481481481,,,0.004329004329004328,0.009070294784580497,0.00018037518037517983,0.009070294784580497,1.0,,0.20464852607709744,0.4772727272727271,,,0.004329004329004328,0.1146825396825397,0.17857142857142855,0.17857142857142855,0.004329004329004328,,0.014285714285714284,0.3428571428571428,0.004329004329004328,,0.20464852607709744,0.004329004329004328,0.020050125313283203,0.4772727272727271,,0.014285714285714284,0.004329004329004328,0.009070294784580497,0.004329004329004328,0.07048872180451128,0.014285714285714284,,,,,,,,,,,,,,0.014285714285714284,,
AaegL5_3_316213891_316214837_rnd_1_family_625_Unknown.,,,,,,,,,,,,,,,,,,,,,,,,,,,,,,,,,,,,,,,,,,,,,,,,1.0,,,,,,,,,,,,,,,,,,,,,,,,,,,,,,,,,,,,,,,,,
AaegL5_3_316217942_316218059_rnd_1_family_27_DNA.,0.05079365079365079,,,0.10389610389610386,0.014285714285714275,0.17857142857142855,,0.009070294784580497,0.014285714285714275,0.17857142857142855,0.020050125313283224,0.1481481481481481,0.009722222222222226,,0.004329004329004328,,0.004329004329004328,,,,,0.004329004329004328,,,,0.020050125313283203,0.014285714285714275,0.17857142857142855,,,0.04166666666666666,0.009070294784580497,,0.009070294784580497,0.004329004329004328,,,0.03361344537815126,,0.004724111866969009,,,0.004329004329004328,0.20464852607709744,0.00018037518037517983,0.009070294784580497,0.20464852607709744,,1.0,0.004329004329004328,,,0.004329004329004328,0.014285714285714284,0.17857142857142855,0.009722222222222222,0.004329004329004328,,0.014285714285714284,0.04470899470899469,0.004329004329004328,,0.009070294784580497,0.004329004329004328,0.020050125313283203,0.004329004329004328,,0.014285714285714284,0.004329004329004328,0.009070294784580497,0.004329004329004328,0.4523809523809523,0.1146825396825397,,,,,,,,,,,,,,0.014285714285714284,,
AaegL5_3_316217947_316218072_rnd_5_family_1151_DNA.,0.08522727272727273,,,0.04958677685950412,0.0068181818181818135,0.08522727272727273,,0.004329004329004328,0.0068181818181818135,0.08522727272727273,0.00956937799043063,0.07070707070707069,0.08522727272727273,,0.0020661157024793385,,0.0020661157024793385,,,,,0.0020661157024793385,,,,0.009569377990430622,0.0068181818181818135,0.08522727272727273,,,0.019886363636363636,0.004329004329004328,,0.004329004329004328,0.0020661157024793385,,,0.0160427807486631,,0.07070707070707069,,,0.0020661157024793385,0.004329004329004328,0.04958677685950412,0.004329004329004328,0.4772727272727271,,0.004329004329004328,1.0,,,0.0020661157024793385,0.30303030303030304,0.08522727272727273,0.08522727272727273,0.0020661157024793385,,0.006818181818181817,0.1636363636363636,0.0020661157024793385,,0.4772727272727271,0.0020661157024793385,0.00956937799043062,1.0,,0.006818181818181817,0.0020661157024793385,0.004329004329004328,0.0020661157024793385,0.00956937799043062,0.006818181818181817,,,,,,,,,,,,,,0.006818181818181817,,
AaegL5_3_316240811_316240976_rnd_1_family_151_Unknown.,,,,,,,,,,,,,,,,,,,,,,,,,,,,,,,,,,,,,,,,,,,,,,,,,,,1.0,,,,,,,,,,,,,,,,,,,,,,,,,,,,,,,,,,,,,,
AaegL5_3_316248915_316250248_rnd_5_family_42_DNA.,,,,,,,,,,,,,,,,,,,,,,,,,,,,,,,,,,,,,,,,,,,,,,,,,,,,1.0,,,,,,,,,,,,,,,,,,,,,,,,,,,,,,,,,,,,,
AaegL5_3_316262578_316262836_rnd_1_family_36_DNA.,0.08522727272727273,,,0.04958677685950412,0.0068181818181818135,0.08522727272727273,,0.4772727272727271,0.0068181818181818135,0.08522727272727273,0.00956937799043063,0.07070707070707069,0.02424242424242424,,0.0020661157024793385,,0.0020661157024793385,,,,,0.0020661157024793385,,,,0.009569377990430622,0.0068181818181818135,0.08522727272727273,,,0.019886363636363636,0.004329004329004328,,0.004329004329004328,0.0020661157024793385,,,0.0160427807486631,,0.029220779220779217,,,0.0020661157024793385,0.4772727272727271,0.04958677685950412,0.4772727272727271,0.004329004329004328,,0.004329004329004328,0.0020661157024793385,,,1.0,0.006818181818181817,0.08522727272727273,0.02424242424242424,0.0020661157024793385,,0.006818181818181817,0.012626262626262624,0.0020661157024793385,,0.004329004329004328,0.0020661157024793385,0.00956937799043062,0.0020661157024793385,,0.006818181818181817,0.0020661157024793385,0.004329004329004328,0.0020661157024793385,0.00956937799043062,0.30303030303030304,,,,,,,,,,,,,,0.006818181818181817,,
AaegL5_3_316262661_316262864_rnd_1_family_844_Unknown.,0.06722222222222221,,,0.16363636363636364,0.02249999999999999,0.28125000000000006,,0.014285714285714284,0.02249999999999999,0.28125000000000006,0.03157894736842104,0.23333333333333325,0.00013888888888888954,,0.30303030303030304,,0.006818181818181817,,,,,0.006818181818181817,,,,0.03157894736842105,0.02249999999999999,0.28125000000000006,,,0.06562500000000003,0.014285714285714284,,0.014285714285714284,0.006818181818181817,,,0.05294117647058824,,0.0021164021164021105,,,0.006818181818181817,0.014285714285714284,0.16363636363636364,0.014285714285714284,0.1146825396825397,,0.014285714285714284,0.30303030303030304,,,0.006818181818181817,1.0,0.06722222222222222,0.28125000000000006,0.006818181818181817,,0.022500000000000003,0.17796296296296293,0.006818181818181817,,0.1146825396825397,0.006818181818181817,0.25350877192982463,0.30303030303030304,,0.022500000000000003,0.30303030303030304,0.014285714285714284,0.006818181818181817,0.02653508771929825,0.05444444444444445,,,,,,,,,,,,,,0.022500000000000003,,
AaegL5_3_316262754_316263244_rnd_1_family_456_DNA.,0.0017361111111111136,,,0.3364267676767677,0.07999999999999996,0.3802777777777778,,0.009722222222222222,0.07999999999999996,0.3802777777777778,0.11228070175438606,0.28809523809523807,0.0017361111111111136,,0.08522727272727273,,0.02424242424242424,,,,,0.08522727272727273,,,,0.008881578947368417,0.07999999999999996,0.3802777777777778,,,0.23333333333333328,0.009722222222222222,,0.009722222222222222,0.08522727272727273,,,0.18823529411764706,,0.000595238095238095,,,0.08522727272727273,0.17857142857142855,0.15782828282828276,0.17857142857142855,0.17857142857142855,,0.17857142857142855,0.08522727272727273,,,0.08522727272727273,0.06722222222222222,1.0,0.180625,0.02424242424242424,,0.07999999999999999,0.003333333333333332,0.02424242424242424,,0.009722222222222226,0.02424242424242424,0.021491228070175446,0.08522727272727273,,0.07999999999999999,0.02424242424242424,0.05079365079365079,0.02424242424242424,0.15010964912280703,0.06722222222222224,,,,,,,,,,,,,,0.07999999999999999,,
AaegL5_3_316267352_316267885_rnd_1_family_791_LTR_Copia.,0.022499999999999992,,,0.15782828282828276,0.07999999999999996,0.180625,,0.009722222222222222,0.07999999999999996,0.180625,0.008881578947368475,0.12228835978835975,0.022499999999999992,,0.08522727272727273,,0.02424242424242424,,,,,0.08522727272727273,,,,0.008881578947368417,0.07999999999999996,0.180625,,,0.0810267857142857,0.17857142857142855,,0.05079365079365078,0.08522727272727273,,,0.0003267973856209142,,0.000595238095238095,,,0.02424242424242424,0.05079365079365078,0.15782828282828276,0.009722222222222222,0.17857142857142855,,0.009722222222222222,0.08522727272727273,,,0.02424242424242424,0.28125000000000006,0.180625,1.0,0.02424242424242424,,0.0001388888888888885,0.2503703703703703,0.02424242424242424,,0.009722222222222226,0.08522727272727273,0.15010964912280703,0.08522727272727273,,0.0001388888888888885,0.08522727272727273,0.009722222222222226,0.08522727272727273,0.021491228070175446,0.0001388888888888885,,,,,,,,,,,,,,0.0001388888888888885,,
AaegL5_3_316267514_316267860_rnd_1_family_350_DNA_CMC_EnSpm.,0.02424242424242424,,,0.041666666666666664,0.0068181818181818135,0.02424242424242424,,0.004329004329004328,0.0068181818181818135,0.02424242424242424,0.00956937799043063,0.07070707070707069,0.08522727272727273,,0.0020661157024793385,,0.0020661157024793385,,,,,0.0020661157024793385,,,,0.009569377990430622,0.0068181818181818135,0.02424242424242424,,,0.10389610389610388,0.004329004329004328,,0.004329004329004328,0.0020661157024793385,,,0.1287878787878788,,0.07070707070707069,,,0.0020661157024793385,0.004329004329004328,0.041666666666666664,0.004329004329004328,0.004329004329004328,,0.004329004329004328,0.0020661157024793385,,,0.0020661157024793385,0.006818181818181817,0.02424242424242424,0.02424242424242424,1.0,,0.006818181818181817,0.012626262626262624,0.0020661157024793385,,0.004329004329004328,0.0020661157024793385,0.00956937799043062,0.0020661157024793385,,0.30303030303030304,0.0020661157024793385,0.004329004329004328,0.0020661157024793385,0.00956937799043062,0.006818181818181817,,,,,,,,,,,,,,0.006818181818181817,,
AaegL5_3_316267606_316267826_rnd_1_family_18_DNA_Sola.,,,,,,,,,,,,,,,,,,,,,,,,,,,,,,,,,,,,,,,,,,,,,,,,,,,,,,,,,,1.0,,,,,,,,,,,,,,,,,,,,,,,,,,,,,,,
AaegL5_3_316269308_316270197_rnd_1_family_18_DNA_Sola.,0.08000000000000003,,,0.1375,0.38027777777777777,0.07999999999999999,,0.014285714285714284,0.38027777777777777,0.07999999999999999,0.7125,0.09642857142857142,0.08000000000000003,,0.006818181818181817,,0.006818181818181817,,,,,0.006818181818181817,,,,0.02653508771929825,0.38027777777777777,0.07999999999999999,,,0.34285714285714286,0.014285714285714284,,0.014285714285714284,0.006818181818181817,,,0.12810457516339868,,0.09642857142857139,,,0.006818181818181817,0.014285714285714284,0.1375,0.014285714285714284,0.014285714285714284,,0.014285714285714284,0.006818181818181817,,,0.006818181818181817,0.022500000000000003,0.07999999999999999,0.0001388888888888885,0.006818181818181817,,1.0,0.041666666666666664,0.30303030303030304,,0.014285714285714284,0.30303030303030304,0.03157894736842105,0.006818181818181817,,0.05444444444444445,0.006818181818181817,0.634920634920635,0.006818181818181817,0.03157894736842105,0.022500000000000003,,,,,,,,,,,,,,0.3802777777777778,,
AaegL5_3_316269333_316269399_rnd_5_family_1376_DNA.,0.003333333333333332,,,0.30303030303030304,0.041666666666666644,0.2503703703703703,,0.04470899470899469,0.041666666666666644,0.2503703703703703,0.05847953216374269,0.19479717813051137,0.003333333333333332,,0.012626262626262624,,0.012626262626262624,,,,,0.012626262626262624,,,,0.00131578947368421,0.041666666666666644,0.2503703703703703,,,0.12152777777777782,0.04470899470899469,,0.02645502645502645,0.012626262626262624,,,0.00533769063180828,,8.818342151675654e-05,,,0.012626262626262624,0.02645502645502645,0.11523569023569025,0.02645502645502645,0.3428571428571428,,0.04470899470899469,0.1636363636363636,,,0.012626262626262624,0.17796296296296293,0.003333333333333332,0.2503703703703703,0.012626262626262624,,0.041666666666666664,1.0,0.012626262626262624,,0.3428571428571428,0.012626262626262624,0.0013157894736842098,0.1636363636363636,,0.041666666666666664,0.1636363636363636,0.02645502645502645,0.1636363636363636,0.09883040935672513,0.01185185185185185,,,,,,,,,,,,,,0.041666666666666664,,
AaegL5_3_316269527_316270732_rnd_1_family_349_Unknown.,0.02424242424242424,,,0.041666666666666664,0.3030303030303029,0.02424242424242424,,0.004329004329004328,0.3030303030303029,0.02424242424242424,0.21590909090909088,0.029220779220779217,0.02424242424242424,,0.0020661157024793385,,0.0020661157024793385,,,,,0.0020661157024793385,,,,0.009569377990430622,0.3030303030303029,0.02424242424242424,,,0.10389610389610388,0.004329004329004328,,0.004329004329004328,0.0020661157024793385,,,0.1287878787878788,,0.029220779220779217,,,0.0020661157024793385,0.004329004329004328,0.041666666666666664,0.004329004329004328,0.004329004329004328,,0.004329004329004328,0.0020661157024793385,,,0.0020661157024793385,0.006818181818181817,0.02424242424242424,0.02424242424242424,0.0020661157024793385,,0.30303030303030304,0.012626262626262624,1.0,,0.004329004329004328,0.0020661157024793385,0.00956937799043062,0.0020661157024793385,,0.006818181818181817,0.0020661157024793385,0.004329004329004328,0.0020661157024793385,0.00956937799043062,0.006818181818181817,,,,,,,,,,,,,,0.30303030303030304,,
AaegL5_3_316290670_316292500_rnd_3_family_10_DNA_CMC_Chapaev.,,,,,,,,,,,,,,,,,,,,,,,,,,,,,,,,,,,,,,,,,,,,,,,,,,,,,,,,,,,,,,1.0,,,,,,,,,,,,,,,,,,,,,,,,,,,
AaegL5_3_316290729_316291599_rnd_1_family_351_DNA_hAT_hATm.,0.17857142857142858,,,0.10389610389610386,0.014285714285714275,0.17857142857142855,,0.009070294784580497,0.014285714285714275,0.17857142857142855,0.020050125313283224,0.1481481481481481,0.009722222222222226,,0.004329004329004328,,0.004329004329004328,,,,,0.004329004329004328,,,,0.020050125313283203,0.014285714285714275,0.17857142857142855,,,0.04166666666666666,0.009070294784580497,,0.009070294784580497,0.004329004329004328,,,0.03361344537815126,,0.004724111866969009,,,0.004329004329004328,0.009070294784580497,0.10389610389610386,0.009070294784580497,0.20464852607709744,,0.009070294784580497,0.4772727272727271,,,0.004329004329004328,0.1146825396825397,0.009722222222222226,0.009722222222222226,0.004329004329004328,,0.014285714285714284,0.3428571428571428,0.004329004329004328,,1.0,0.004329004329004328,0.020050125313283203,0.4772727272727271,,0.014285714285714284,0.004329004329004328,0.009070294784580497,0.004329004329004328,0.07048872180451128,0.014285714285714284,,,,,,,,,,,,,,0.014285714285714284,,
AaegL5_3_316293337_316293364_rnd_1_family_43_DNA.,0.02424242424242424,,,0.041666666666666664,0.0068181818181818135,0.02424242424242424,,0.004329004329004328,0.0068181818181818135,0.02424242424242424,0.21590909090909088,0.029220779220779217,0.02424242424242424,,0.0020661157024793385,,0.0020661157024793385,,,,,0.0020661157024793385,,,,0.009569377990430622,0.0068181818181818135,0.02424242424242424,,,0.10389610389610388,0.004329004329004328,,0.004329004329004328,0.0020661157024793385,,,0.1287878787878788,,0.029220779220779217,,,0.0020661157024793385,0.004329004329004328,0.041666666666666664,0.004329004329004328,0.004329004329004328,,0.004329004329004328,0.0020661157024793385,,,0.0020661157024793385,0.006818181818181817,0.02424242424242424,0.08522727272727273,0.0020661157024793385,,0.30303030303030304,0.012626262626262624,0.0020661157024793385,,0.004329004329004328,1.0,0.00956937799043062,0.0020661157024793385,,0.30303030303030304,0.0020661157024793385,0.4772727272727271,0.0020661157024793385,0.00956937799043062,0.006818181818181817,,,,,,,,,,,,,,0.30303030303030304,,
AaegL5_3_316293377_316293473_rnd_1_family_911_Unknown.,0.021491228070175446,,,0.22966507177033488,0.03157894736842103,0.021491228070175446,,0.020050125313283203,0.03157894736842103,0.021491228070175446,0.04432132963988924,0.010442773600668337,0.11228070175438595,,0.21590909090909086,,0.00956937799043062,,,,,0.00956937799043062,,,,0.008483379501385044,0.03157894736842103,0.021491228070175446,,,0.0029370300751879698,0.07048872180451128,,0.07048872180451128,0.21590909090909086,,,0.07430340557275542,,0.017648287385129486,,,0.00956937799043062,0.020050125313283203,0.22966507177033488,0.020050125313283203,0.020050125313283203,,0.020050125313283203,0.00956937799043062,,,0.00956937799043062,0.25350877192982463,0.021491228070175446,0.15010964912280703,0.00956937799043062,,0.03157894736842105,0.0013157894736842098,0.00956937799043062,,0.020050125313283203,0.00956937799043062,1.0,0.009569377990430622,,0.02653508771929825,0.21590909090909088,0.020050125313283203,0.009569377990430622,0.008483379501385044,0.02653508771929825,,,,,,,,,,,,,,0.03157894736842105,,
AaegL5_3_316293401_316293421_rnd_1_family_281_LINE_I.,0.08522727272727273,,,0.04958677685950412,0.0068181818181818135,0.08522727272727273,,0.004329004329004328,0.0068181818181818135,0.08522727272727273,0.00956937799043063,0.07070707070707069,0.08522727272727273,,0.0020661157024793385,,0.0020661157024793385,,,,,0.0020661157024793385,,,,0.009569377990430622,0.0068181818181818135,0.08522727272727273,,,0.019886363636363636,0.004329004329004328,,0.004329004329004328,0.0020661157024793385,,,0.0160427807486631,,0.07070707070707069,,,0.0020661157024793385,0.004329004329004328,0.04958677685950412,0.004329004329004328,0.4772727272727271,,0.004329004329004328,1.0,,,0.0020661157024793385,0.30303030303030304,0.08522727272727273,0.08522727272727273,0.0020661157024793385,,0.006818181818181817,0.1636363636363636,0.0020661157024793385,,0.4772727272727271,0.0020661157024793385,0.009569377990430622,1.0,,0.006818181818181817,0.0020661157024793385,0.004329004329004328,0.0020661157024793385,0.00956937799043062,0.006818181818181817,,,,,,,,,,,,,,0.006818181818181817,,
AaegL5_3_316299459_316299796_rnd_1_family_123_DNA.,,,,,,,,,,,,,,,,,,,,,,,,,,,,,,,,,,,,,,,,,,,,,,,,,,,,,,,,,,,,,,,,,,,1.0,,,,,,,,,,,,,,,,,,,,,,
AaegL5_3_316301279_316301543_rnd_1_family_34_SINE_tRNA.,0.00013888888888888954,,,0.012626262626262626,0.02249999999999999,0.07999999999999999,,0.014285714285714284,0.02249999999999999,0.07999999999999999,0.02653508771929826,0.002116402116402118,0.00013888888888888954,,0.006818181818181817,,0.006818181818181817,,,,,0.006818181818181817,,,,0.02653508771929825,0.02249999999999999,0.07999999999999999,,,0.34285714285714286,0.014285714285714284,,0.1146825396825397,0.006818181818181817,,,0.12810457516339868,,0.0021164021164021105,,,0.006818181818181817,0.014285714285714284,0.012626262626262626,0.014285714285714284,0.014285714285714284,,0.014285714285714284,0.006818181818181817,,,0.006818181818181817,0.022500000000000003,0.07999999999999999,0.0001388888888888885,0.30303030303030304,,0.05444444444444445,0.041666666666666664,0.006818181818181817,,0.014285714285714284,0.30303030303030304,0.02653508771929825,0.006818181818181817,,1.0,0.006818181818181817,0.1146825396825397,0.006818181818181817,0.03157894736842105,0.022500000000000003,,,,,,,,,,,,,,0.05444444444444445,,
AaegL5_3_316304032_316304140_rnd_1_family_441_DNA_Sola.,0.02424242424242424,,,0.04958677685950412,0.0068181818181818135,0.08522727272727273,,0.004329004329004328,0.0068181818181818135,0.08522727272727273,0.00956937799043063,0.07070707070707069,0.02424242424242424,,0.0020661157024793385,,0.0020661157024793385,,,,,0.0020661157024793385,,,,0.009569377990430622,0.0068181818181818135,0.08522727272727273,,,0.019886363636363636,0.004329004329004328,,0.004329004329004328,0.0020661157024793385,,,0.0160427807486631,,0.029220779220779217,,,0.0020661157024793385,0.004329004329004328,0.04958677685950412,0.004329004329004328,0.004329004329004328,,0.004329004329004328,0.0020661157024793385,,,0.0020661157024793385,0.30303030303030304,0.02424242424242424,0.08522727272727273,0.0020661157024793385,,0.006818181818181817,0.1636363636363636,0.0020661157024793385,,0.004329004329004328,0.0020661157024793385,0.21590909090909088,0.0020661157024793385,,0.006818181818181817,1.0,0.004329004329004328,0.0020661157024793385,0.00956937799043062,0.30303030303030304,,,,,,,,,,,,,,0.006818181818181817,,
AaegL5_3_316304047_316304084_rnd_1_family_411_Unknown.,0.05079365079365079,,,0.0873015873015873,0.11468253968253966,0.05079365079365078,,0.009070294784580497,0.11468253968253966,0.05079365079365078,0.4523809523809523,0.06122448979591836,0.05079365079365079,,0.004329004329004328,,0.004329004329004328,,,,,0.004329004329004328,,,,0.07048872180451128,0.11468253968253966,0.05079365079365078,,,0.2176870748299319,0.009070294784580497,,0.009070294784580497,0.004329004329004328,,,0.02824463118580766,,0.06122448979591836,,,0.004329004329004328,0.009070294784580497,0.0873015873015873,0.009070294784580497,0.009070294784580497,,0.009070294784580497,0.004329004329004328,,,0.004329004329004328,0.014285714285714284,0.05079365079365079,0.009722222222222226,0.004329004329004328,,0.634920634920635,0.02645502645502645,0.004329004329004328,,0.009070294784580497,0.4772727272727271,0.020050125313283203,0.004329004329004328,,0.1146825396825397,0.004329004329004328,1.0,0.004329004329004328,0.020050125313283203,0.014285714285714284,,,,,,,,,,,,,,0.1146825396825397,,
AaegL5_3_316304176_316304248_rnd_5_family_322_LINE_RTE_BovB.,0.02424242424242424,,,0.04958677685950412,0.0068181818181818135,0.02424242424242424,,0.4772727272727271,0.0068181818181818135,0.02424242424242424,0.00956937799043063,0.029220779220779217,0.08522727272727273,,0.0020661157024793385,,0.0020661157024793385,,,,,0.0020661157024793385,,,,0.21590909090909088,0.0068181818181818135,0.02424242424242424,,,0.019886363636363636,0.4772727272727271,,0.004329004329004328,0.0020661157024793385,,,0.1287878787878788,,0.029220779220779217,,,0.0020661157024793385,0.004329004329004328,0.04958677685950412,0.004329004329004328,0.004329004329004328,,0.004329004329004328,0.0020661157024793385,,,0.0020661157024793385,0.006818181818181817,0.02424242424242424,0.08522727272727273,0.0020661157024793385,,0.006818181818181817,0.1636363636363636,0.0020661157024793385,,0.004329004329004328,0.0020661157024793385,0.009569377990430622,0.0020661157024793385,,0.006818181818181817,0.0020661157024793385,0.004329004329004328,1.0,0.00956937799043062,0.006818181818181817,,,,,,,,,,,,,,0.006818181818181817,,
AaegL5_3_316307695_316308045_rnd_1_family_52_DNA_CMC_Chapaev.,0.021491228070175446,,,0.22966507177033488,0.03157894736842103,0.39473684210526316,,0.020050125313283203,0.03157894736842103,0.39473684210526316,0.04432132963988924,0.32748538011695905,0.008881578947368417,,0.21590909090909086,,0.00956937799043062,,,,,0.00956937799043062,,,,0.04432132963988919,0.03157894736842103,0.39473684210526316,,,0.09210526315789472,0.020050125313283203,,0.020050125313283203,0.00956937799043062,,,0.07430340557275542,,0.017648287385129486,,,0.00956937799043062,0.07048872180451128,0.062300637958532676,0.020050125313283203,0.07048872180451128,,0.4523809523809523,0.00956937799043062,,,0.00956937799043062,0.02653508771929825,0.15010964912280703,0.021491228070175446,0.00956937799043062,,0.03157894736842105,0.09883040935672513,0.00956937799043062,,0.07048872180451128,0.00956937799043062,0.008483379501385044,0.00956937799043062,,0.03157894736842105,0.00956937799043062,0.020050125313283203,0.00956937799043062,1.0,0.02653508771929825,,,,,,,,,,,,,,0.03157894736842105,,
AaegL5_3_316307725_316308180_rnd_1_family_58_DNA.,0.00013888888888888954,,,0.16363636363636364,0.02249999999999999,0.28125000000000006,,0.1146825396825397,0.02249999999999999,0.28125000000000006,0.03157894736842104,0.23333333333333325,0.00013888888888888954,,0.006818181818181817,,0.006818181818181817,,,,,0.006818181818181817,,,,0.03157894736842105,0.02249999999999999,0.28125000000000006,,,0.06562500000000003,0.014285714285714284,,0.014285714285714284,0.006818181818181817,,,0.05294117647058824,,0.09642857142857139,,,0.006818181818181817,0.634920634920635,0.16363636363636364,0.1146825396825397,0.014285714285714284,,0.1146825396825397,0.006818181818181817,,,0.30303030303030304,0.05444444444444445,0.06722222222222224,0.0001388888888888885,0.006818181818181817,,0.022500000000000003,0.01185185185185185,0.006818181818181817,,0.014285714285714284,0.006818181818181817,0.02653508771929825,0.006818181818181817,,0.022500000000000003,0.30303030303030304,0.014285714285714284,0.006818181818181817,0.02653508771929825,1.0,,,,,,,,,,,,,,0.022500000000000003,,
AaegL5_3_316308386_316308931_rnd_1_family_56_DNA_CMC_Chapaev.,,,,,,,,,,,,,,,,,,,,,,,,,,,,,,,,,,,,,,,,,,,,,,,,,,,,,,,,,,,,,,,,,,,,,,,,,,1.0,,,,,,,,,,,,,,,
AaegL5_3_316310819_316311087_rnd_1_family_803_DNA_Sola.,,,,,,,,,,,,,,,,,,,,,,,,,,,,,,,,,,,,,,,,,,,,,,,,,,,,,,,,,,,,,,,,,,,,,,,,,,,1.0,,,,,,,,,,,,,,
AaegL5_3_316345224_316345241_rnd_1_family_152_DNA_CMC_Transib.,,,,,,,,,,,,,,,,,,,,,,,,,,,,,,,,,,,,,,,,,,,,,,,,,,,,,,,,,,,,,,,,,,,,,,,,,,,,1.0,,,,,,,,,,,,,
AaegL5_3_316347266_316347340_rnd_1_family_56_DNA_CMC_Chapaev.,,,,,,,,,,,,,,,,,,,,,,,,,,,,,,,,,,,,,,,,,,,,,,,,,,,,,,,,,,,,,,,,,,,,,,,,,,,,,1.0,,,,,,,,,,,,
AaegL5_3_316351039_316351317_rnd_3_family_10_DNA_CMC_Chapaev.,,,,,,,,,,,,,,,,,,,,,,,,,,,,,,,,,,,,,,,,,,,,,,,,,,,,,,,,,,,,,,,,,,,,,,,,,,,,,,1.0,,,,,,,,,,,
AaegL5_3_316355504_316355600_rnd_6_family_1235_LTR_Gypsy.,,,,,,,,,,,,,,,,,,,,,,,,,,,,,,,,,,,,,,,,,,,,,,,,,,,,,,,,,,,,,,,,,,,,,,,,,,,,,,,1.0,,,,,,,,,,
AaegL5_3_316356683_316357811_rnd_1_family_34_SINE_tRNA.,,,,,,,,,,,,,,,,,,,,,,,,,,,,,,,,,,,,,,,,,,,,,,,,,,,,,,,,,,,,,,,,,,,,,,,,,,,,,,,,1.0,,,,,,,,,
AaegL5_3_316358284_316358530_rnd_1_family_281_LINE_I.,,,,,,,,,,,,,,,,,,,,,,,,,,,,,,,,,,,,,,,,,,,,,,,,,,,,,,,,,,,,,,,,,,,,,,,,,,,,,,,,,1.0,,,,,,,,
AaegL5_3_316370265_316370269_rnd_1_family_456_DNA.,,,,,,,,,,,,,,,,,,,,,,,,,,,,,,,,,,,,,,,,,,,,,,,,,,,,,,,,,,,,,,,,,,,,,,,,,,,,,,,,,,1.0,,,,,,,
AaegL5_3_316373116_316374036_rnd_5_family_648_Unknown.,,,,,,,,,,,,,,,,,,,,,,,,,,,,,,,,,,,,,,,,,,,,,,,,,,,,,,,,,,,,,,,,,,,,,,,,,,,,,,,,,,,1.0,,,,,,
AaegL5_3_316387599_316388545_rnd_5_family_1685_DNA.,,,,,,,,,,,,,,,,,,,,,,,,,,,,,,,,,,,,,,,,,,,,,,,,,,,,,,,,,,,,,,,,,,,,,,,,,,,,,,,,,,,,1.0,,,,,
AaegL5_3_316388378_316388593_rnd_1_family_218_DNA.,,,,,,,,,,,,,,,,,,,,,,,,,,,,,,,,,,,,,,,,,,,,,,,,,,,,,,,,,,,,,,,,,,,,,,,,,,,,,,,,,,,,,1.0,,,,
AaegL5_3_316388473_316388595_rnd_5_family_921_LINE_R1.,,,,,,,,,,,,,,,,,,,,,,,,,,,,,,,,,,,,,,,,,,,,,,,,,,,,,,,,,,,,,,,,,,,,,,,,,,,,,,,,,,,,,,1.0,,,
AaegL5_3_316388533_316388598_rnd_4_family_903_LINE_R1.,0.08000000000000003,,,0.1375,0.05444444444444445,0.07999999999999999,,0.014285714285714284,0.05444444444444445,0.07999999999999999,0.25350877192982463,0.09642857142857142,0.08000000000000003,,0.006818181818181817,,0.006818181818181817,,,,,0.006818181818181817,,,,0.03157894736842105,0.05444444444444445,0.07999999999999999,,,0.34285714285714286,0.014285714285714284,,0.014285714285714284,0.006818181818181817,,,0.12810457516339868,,0.0021164021164021105,,,0.006818181818181817,0.014285714285714284,0.1375,0.014285714285714284,0.014285714285714284,,0.014285714285714284,0.006818181818181817,,,0.006818181818181817,0.022500000000000003,0.07999999999999999,0.0001388888888888885,0.006818181818181817,,0.3802777777777778,0.041666666666666664,0.30303030303030304,,0.014285714285714284,0.30303030303030304,0.03157894736842105,0.006818181818181817,,0.05444444444444445,0.006818181818181817,0.1146825396825397,0.006818181818181817,0.03157894736842105,0.022500000000000003,,,,,,,,,,,,,,1.0,,
AaegL5_3_316391370_316391825_rnd_5_family_1159_LTR_Copia.,,,,,,,,,,,,,,,,,,,,,,,,,,,,,,,,,,,,,,,,,,,,,,,,,,,,,,,,,,,,,,,,,,,,,,,,,,,,,,,,,,,,,,,,1.0,
AaegL5_3_316391390_316391821_rnd_4_family_879_Unknown.,,,,,,,,,,,,,,,,,,,,,,,,,,,,,,,,,,,,,,,,,,,,,,,,,,,,,,,,,,,,,,,,,,,,,,,,,,,,,,,,,,,,,,,,,1.0
