chrom,start,end,TE_name,gene_name,gene_ID,frequency_Gabon
AaegL5_1,74416172,74416930,rnd_6_family_331_Unknown_span_74416172_74416930,CYP4C51,AAEL008018;Name=CYP4C51,1.0
AaegL5_1,105479695,105480343,rnd_1_family_463_LTR_Gypsy,GSTT4,AAEL004229;Name=GSTT4,0.6153846153846154
AaegL5_1,105482955,105483600,rnd_6_family_30_LINE_Jockey_span_105482955_105483600,GSTT4,AAEL004229;Name=GSTT4,1.0
AaegL5_2,214050342,214050987,rnd_1_family_12_DNA,CCEAE3B,AAEL002385;Name=CCEAE3B,0.6153846153846154
AaegL5_2,215091925,215092669,rnd_1_family_1104_Unknown_span_215091925_215092669,CYP49A1,AAEL008638;Name=CYP49A1,0.9230769230769231
AaegL5_2,336373906,336374709,rnd_1_family_411_Unknown,CYP325X4,AAEL005700;Name=CYP325X4,0.7692307692307693
AaegL5_3,62535965,62536638,rnd_3_family_1017_DNA_TcMar,CYP325Y3,AAEL018028;Name=CYP325Y3,0.8461538461538461
AaegL5_3,112528846,112529528,rnd_1_family_351_DNA_hAT_hATm_span_112528846_112529528,CYP325V1,AAEL017136;Name=CYP325V1,0.9230769230769231
AaegL5_3,152791386,152792067,rnd_1_family_229_DNA_Sola_span_152791386_152792067,CYP4D38,AAEL007807;Name=CYP4D38,0.6153846153846154
AaegL5_3,301580927,301581580,rnd_3_family_12_Unknown_span_301580927_301581580,NVY,AAEL014203,1.0
AaegL5_3,301661039,301661757,rnd_1_family_31_LTR_Gypsy_span_301661039_301661757,NVY,AAEL014203,1.0
AaegL5_3,301698298,301698916,rnd_5_family_258_LTR_Gypsy_span_301698298_301698916,NVY,AAEL014203,0.9230769230769231
AaegL5_3,301715085,301715724,rnd_1_family_116_Unknown,NVY,AAEL014203,0.7692307692307693
AaegL5_3,301807001,301807682,rnd_1_family_31_LTR_Gypsy,NVY,AAEL014203,0.6153846153846154
AaegL5_3,301908063,301908746,rnd_1_family_799_Unknown_span_301908063_301908746,NVY,AAEL014203,0.9230769230769231
AaegL5_3,301930388,301931034,rnd_6_family_156_LINE_LOA,NVY,AAEL014203,0.6153846153846154
AaegL5_3,313089029,313089694,rnd_1_family_1208_Unknown_span_313089029_313089694,CHL,AAEL021732,0.9230769230769231
AaegL5_3,316105167,316105813,rnd_1_family_421_Unknown_span_316105167_316105813,VGSC,AAEL023266,0.5384615384615384
AaegL5_3,316105167,316105813,rnd_1_family_421_Unknown_span_316105167_316105813,,AAEL023266,0.5384615384615384
AaegL5_3,316193062,316193667,rnd_1_family_498_LTR_Copia_span_316193062_316193667,VGSC,AAEL023266,0.5384615384615384
AaegL5_3,316193062,316193667,rnd_1_family_498_LTR_Copia_span_316193062_316193667,,AAEL023266,0.5384615384615384
AaegL5_3,316305596,316306452,rnd_1_family_520_Unknown_span_316305596_316306452,VGSC,AAEL023266,0.6153846153846154
AaegL5_3,316305596,316306452,rnd_1_family_520_Unknown_span_316305596_316306452,,AAEL023266,0.6153846153846154
