,AaegL5_2_41620144_41621085_rnd_1_family_56_DNA_CMC_Chapaev.,AaegL5_2_41620440_41622355_rnd_4_family_305_LINE_Jockey.,AaegL5_2_41620592_41621486_rnd_1_family_134_Unknown.,AaegL5_2_41621508_41622549_rnd_1_family_149_DNA_hAT_Tip100.,AaegL5_2_41627011_41627066_rnd_1_family_83_DNA.,AaegL5_2_41627852_41628083_rnd_1_family_421_Unknown.,AaegL5_2_41630985_41631776_rnd_1_family_176_DNA_TcMar_Fot1.,AaegL5_2_41631648_41631900_rnd_4_family_304_LTR_Gypsy.,AaegL5_2_41631707_41631811_rnd_5_family_113_LTR_Gypsy.,AaegL5_2_41637819_41638623_rnd_1_family_34_SINE_tRNA.,AaegL5_2_41655281_41655964_rnd_1_family_34_SINE_tRNA.,AaegL5_2_41656610_41657078_rnd_1_family_151_Unknown.,AaegL5_2_41667713_41668176_rnd_1_family_435_LINE_CR1.,AaegL5_2_41670419_41670491_rnd_5_family_767_Unknown.,AaegL5_2_41671548_41672010_rnd_1_family_39_DNA_CMC_Transib.,AaegL5_2_41674461_41674652_rnd_1_family_771_Unknown.,AaegL5_2_41677367_41677770_rnd_1_family_281_LINE_I.,AaegL5_2_41678107_41678110_rnd_1_family_172_DNA_hAT_hATm.,AaegL5_2_41678980_41679044_rnd_1_family_259_SINE_ID.,AaegL5_2_41681100_41681242_rnd_1_family_176_DNA_TcMar_Fot1.,AaegL5_2_41687246_41687450_rnd_1_family_349_Unknown.,AaegL5_2_41687715_41687905_rnd_1_family_34_SINE_tRNA.,AaegL5_2_41687810_41688644_rnd_1_family_119_LINE_R1.,AaegL5_2_41689007_41690280_rnd_1_family_581_Unknown.,AaegL5_2_41689866_41690145_rnd_5_family_2134_DNA.,AaegL5_2_41690887_41691065_rnd_6_family_2695_LINE_L1_Tx1.,AaegL5_2_41698921_41699326_rnd_1_family_94_DNA_hAT_Ac.,AaegL5_2_41698936_41699023_rnd_1_family_685_Unknown.,AaegL5_2_41699052_41699168_rnd_1_family_369_DNA_CMC_Transib.,AaegL5_2_41699172_41699533_rnd_1_family_229_DNA_Sola.,AaegL5_2_41699173_41699208_rnd_1_family_30_DNA.,AaegL5_2_41715184_41715731_rnd_5_family_864_DNA_CMC_Transib.,AaegL5_2_41723018_41723327_rnd_1_family_188_DNA_TcMar_Fot1.,AaegL5_2_41731132_41731588_rnd_1_family_612_Unknown.,AaegL5_2_41733601_41734570_rnd_1_family_441_DNA_Sola.,AaegL5_2_41733728_41734149_rnd_1_family_158_DNA_Zator.,AaegL5_2_41735090_41735358_rnd_1_family_737_Unknown.,AaegL5_2_41738853_41739198_rnd_1_family_212_DNA.,AaegL5_2_41741106_41741714_rnd_1_family_222_LINE_Penelope.,AaegL5_2_41755990_41756752_rnd_1_family_917_Unknown.,AaegL5_2_41756729_41757237_rnd_3_family_107_Unknown.,AaegL5_2_41756750_41757175_rnd_4_family_40_LINE_RTE_BovB.,AaegL5_2_41756750_41757323_rnd_6_family_406_LINE_RTE_BovB.,AaegL5_2_41762588_41762799_rnd_1_family_461_RC_Helitron.,AaegL5_2_41766085_41766399_rnd_1_family_34_SINE_tRNA.,AaegL5_2_41766318_41766407_rnd_5_family_362_DNA.,AaegL5_2_41766473_41766903_rnd_1_family_729_DNA_CMC_EnSpm.,AaegL5_2_41770236_41770376_rnd_1_family_195_DNA_CMC_Transib.,AaegL5_2_41773586_41773846_rnd_1_family_52_DNA_CMC_Chapaev.,AaegL5_2_41788603_41788816_rnd_1_family_844_Unknown.,AaegL5_2_41795087_41795368_rnd_1_family_208_DNA_Sola.,AaegL5_2_41797989_41798165_rnd_1_family_580_DNA_TcMar_Tc1.,AaegL5_2_41798673_41800306_rnd_1_family_685_Unknown.,AaegL5_2_41800182_41800944_rnd_1_family_94_DNA_hAT_Ac.,AaegL5_2_41801307_41801626_rnd_1_family_1144_LTR_Gypsy.,AaegL5_2_41807044_41807873_rnd_1_family_716_DNA_CMC_Transib.,AaegL5_2_41819873_41820723_rnd_2_family_47_DNA_TcMar_Fot1.,AaegL5_2_41822539_41822755_rnd_1_family_235_DNA_Sola.,AaegL5_2_41823703_41825439_rnd_5_family_921_LINE_R1.,AaegL5_2_41823922_41825602_rnd_1_family_1004_Unknown.,AaegL5_2_41824409_41824709_rnd_1_family_438_LTR_Pao.,AaegL5_2_41824652_41825220_rnd_3_family_1017_DNA_TcMar.,AaegL5_2_41825280_41825621_rnd_1_family_609_DNA_TcMar.,AaegL5_2_41833466_41834072_rnd_1_family_565_DNA_Sola.,AaegL5_2_41833659_41834318_rnd_1_family_243_DNA_Sola.,AaegL5_2_41833960_41834309_rnd_6_family_300_DNA_hAT_Tip100.,AaegL5_2_41835583_41835606_rnd_1_family_799_Unknown.,AaegL5_2_41847790_A301S_encoding_1,AaegL5_2_41847790_A301S_encoding_2,AaegL5_2_41849456_41849544_rnd_1_family_302_DNA_Sola.,AaegL5_2_41849940_41849951_rnd_6_family_1128_DNA_Zator.,AaegL5_2_41852166_41853695_rnd_1_family_54_DNA_MULE_MuDR.,AaegL5_2_41853313_41853444_rnd_1_family_823_LINE_RTE_BovB.,AaegL5_2_41853385_41853562_rnd_1_family_130_LINE_R1.,AaegL5_2_41855879_41857295_rnd_1_family_67_DNA_CMC_Chapaev.,AaegL5_2_41855964_41856096_rnd_1_family_138_DNA_Sola.,AaegL5_2_41861453_41862335_rnd_1_family_799_Unknown.,AaegL5_2_41866553_41867114_rnd_1_family_846_Unknown.
AaegL5_2_41620144_41621085_rnd_1_family_56_DNA_CMC_Chapaev.,1.0,,,,,,,,,,,,,,,,,,,,,,,,,,,,,,,,,,,,,,,,,,,,,,,,,,,,,,,,,,,,,,,,,,,,,,,,,,,,,
AaegL5_2_41620440_41622355_rnd_4_family_305_LINE_Jockey.,,1.0,,0.08454792490118579,0.013913043478260868,,,0.18729096989966557,0.03396739130434783,,,,,,0.08695652173913042,,0.013913043478260868,,,0.03396739130434783,0.07847826086956522,,,0.11422924901185771,,0.004841897233201584,0.03024574669187145,,,0.06086956521739131,0.00668896321070234,7.763975155279487e-05,,0.00668896321070234,,,,,0.03024574669187145,0.00668896321070234,,,,0.00668896321070234,,,0.07847826086956522,,0.00668896321070234,,,,0.03396739130434783,0.07847826086956522,0.07847826086956522,,0.021739130434782608,,0.013913043478260868,0.00668896321070234,,0.013913043478260868,0.04968944099378881,0.013913043478260868,0.013913043478260868,0.00668896321070234,,0.0657608695652174,0.004841897233201584,,,,,,,,0.1358695652173913,0.03396739130434783
AaegL5_2_41620592_41621486_rnd_1_family_134_Unknown.,,,1.0,,,,,,,,,,,,,,,,,,,,,,,,,,,,,,,,,,,,,,,,,,,,,,,,,,,,,,,,,,,,,,,,,,,,,,,,,,,
AaegL5_2_41621508_41622549_rnd_1_family_149_DNA_hAT_Tip100.,,0.08454792490118579,,1.0,0.055,,,0.5035277222777224,0.034801136363636374,,,,,,0.34375,,0.0028409090909090936,,,0.0028409090909090897,0.0028409090909090936,,,0.03491735537190083,,0.14509297520661157,0.0845479249011858,,,0.0006493506493506513,0.026442307692307692,0.0006493506493506513,,0.05594405594405597,,,,,0.11956521739130435,0.05594405594405597,,,,0.026442307692307692,,,0.11636363636363642,,0.026442307692307692,,,,0.034801136363636374,0.0028409090909090936,0.0028409090909090936,,0.0028409090909090897,,0.0028409090909090936,0.05594405594405597,,0.0028409090909090936,0.2146915584415585,0.055,0.055,0.026442307692307692,,0.018181818181818174,5.1652892561983355e-05,,,,,,,,0.2840909090909091,0.034801136363636374
AaegL5_2_41627011_41627066_rnd_1_family_83_DNA.,,0.013913043478260868,,0.055,1.0,,,0.07428571428571425,0.009999999999999998,,,,,,0.15999999999999998,,0.0063999999999999994,,,0.009999999999999998,0.0063999999999999994,,,0.018181818181818174,,0.018181818181818174,0.013913043478260867,,,0.027999999999999994,0.4807692307692308,0.02414285714285714,,0.003076923076923076,,,,,0.013913043478260867,0.003076923076923076,,,,0.003076923076923076,,,0.0063999999999999994,,0.003076923076923076,,,,0.009999999999999998,0.0063999999999999994,0.0063999999999999994,,0.009999999999999998,,0.0063999999999999994,0.003076923076923076,,0.0063999999999999994,0.02285714285714285,0.0063999999999999994,0.21159999999999995,0.003076923076923076,,0.09999999999999999,0.018181818181818174,,,,,,,,0.009999999999999998,0.12250000000000001
AaegL5_2_41627852_41628083_rnd_1_family_421_Unknown.,,,,,,1.0,,,,,,,,,,,,,,,,,,,,,,,,,,,,,,,,,,,,,,,,,,,,,,,,,,,,,,,,,,,,,,,,,,,,,,,,
AaegL5_2_41630985_41631776_rnd_1_family_176_DNA_TcMar_Fot1.,,,,,,,1.0,,,,,,,,,,,,,,,,,,,,,,,,,,,,,,,,,,,,,,,,,,,,,,,,,,,,,,,,,,,,,,,,,,,,,,,
AaegL5_2_41631648_41631900_rnd_4_family_304_LTR_Gypsy.,,0.18729096989966557,,0.5035277222777224,0.07428571428571425,,,1.0,0.017170329670329675,,,,,,0.27472527472527464,,0.00010989010989011073,,,0.010989010989010981,0.08615384615384615,,,0.09235764235764235,,0.012787212787212787,0.00023889154323937113,,,0.003924646781789637,0.03571428571428569,0.003924646781789637,,0.04142011834319526,,,,,0.03732680363115142,0.04142011834319526,,,,0.03571428571428569,,,0.08615384615384615,,0.03571428571428569,,,,0.017170329670329675,0.00010989010989011073,0.00010989010989011073,,0.010989010989010981,,0.00010989010989011073,0.04142011834319526,,0.00010989010989011073,0.14167974882260598,0.07428571428571425,0.07428571428571425,0.04142011834319526,,0.07032967032967027,0.012787212787212787,,,,,,,,0.17582417582417575,0.017170329670329675
AaegL5_2_41631707_41631811_rnd_5_family_113_LTR_Gypsy.,,0.03396739130434783,,0.034801136363636374,0.009999999999999998,,,0.017170329670329675,1.0,,,,,,0.0625,,0.009999999999999998,,,0.015625,0.009999999999999998,,,0.0284090909090909,,0.0284090909090909,0.03396739130434783,,,0.003571428571428572,0.004807692307692307,0.003571428571428572,,0.004807692307692307,,,,,0.021739130434782608,0.004807692307692307,,,,0.004807692307692307,,,0.12250000000000001,,0.004807692307692307,,,,0.0625,0.009999999999999998,0.009999999999999998,,0.0625,,0.009999999999999998,0.30769230769230765,,0.009999999999999998,0.14285714285714285,0.009999999999999998,0.009999999999999998,0.004807692307692307,,0.00625,0.018181818181818184,,,,,,,,0.0625,0.0625
AaegL5_2_41637819_41638623_rnd_1_family_34_SINE_tRNA.,,,,,,,,,,1.0,,,,,,,,,,,,,,,,,,,,,,,,,,,,,,,,,,,,,,,,,,,,,,,,,,,,,,,,,,,,,,,,,,,,
AaegL5_2_41655281_41655964_rnd_1_family_34_SINE_tRNA.,,,,,,,,,,,1.0,,,,,,,,,,,,,,,,,,,,,,,,,,,,,,,,,,,,,,,,,,,,,,,,,,,,,,,,,,,,,,,,,,,
AaegL5_2_41656610_41657078_rnd_1_family_151_Unknown.,,,,,,,,,,,,1.0,,,,,,,,,,,,,,,,,,,,,,,,,,,,,,,,,,,,,,,,,,,,,,,,,,,,,,,,,,,,,,,,,,
AaegL5_2_41667713_41668176_rnd_1_family_435_LINE_CR1.,,,,,,,,,,,,,1.0,,,,,,,,,,,,,,,,,,,,,,,,,,,,,,,,,,,,,,,,,,,,,,,,,,,,,,,,,,,,,,,,,
AaegL5_2_41670419_41670491_rnd_5_family_767_Unknown.,,,,,,,,,,,,,,1.0,,,,,,,,,,,,,,,,,,,,,,,,,,,,,,,,,,,,,,,,,,,,,,,,,,,,,,,,,,,,,,,,
AaegL5_2_41671548_41672010_rnd_1_family_39_DNA_CMC_Transib.,,0.08695652173913042,,0.34375,0.15999999999999998,,,0.27472527472527464,0.0625,,,,,,1.0,,0.039999999999999994,,,0.0625,0.039999999999999994,,,0.018181818181818177,,0.018181818181818177,0.0869565217391304,,,0.003571428571428571,0.0769230769230769,0.003571428571428571,,0.019230769230769225,,,,,0.3478260869565216,0.019230769230769225,,,,0.0769230769230769,,,0.039999999999999994,,0.0769230769230769,,,,0.0625,0.039999999999999994,0.039999999999999994,,0.0,,0.009999999999999998,0.019230769230769225,,0.009999999999999998,0.14285714285714285,0.009999999999999998,0.15999999999999998,0.019230769230769225,,0.09999999999999998,0.018181818181818177,,,,,,,,0.027777777777777773,0.0
AaegL5_2_41674461_41674652_rnd_1_family_771_Unknown.,,,,,,,,,,,,,,,,1.0,,,,,,,,,,,,,,,,,,,,,,,,,,,,,,,,,,,,,,,,,,,,,,,,,,,,,,,,,,,,,,
AaegL5_2_41677367_41677770_rnd_1_family_281_LINE_I.,,0.013913043478260868,,0.0028409090909090936,0.0063999999999999994,,,0.00010989010989011073,0.009999999999999998,,,,,,0.039999999999999994,,1.0,,,0.12250000000000001,0.0063999999999999994,,,0.018181818181818174,,0.018181818181818174,0.013913043478260867,,,0.027999999999999994,0.003076923076923076,0.027999999999999994,,0.4807692307692308,,,,,0.013913043478260867,0.003076923076923076,,,,0.003076923076923076,,,0.21159999999999995,,0.003076923076923076,,,,0.009999999999999998,0.0063999999999999994,0.0063999999999999994,,0.009999999999999998,,0.0063999999999999994,0.003076923076923076,,0.0063999999999999994,0.02285714285714285,0.0063999999999999994,0.0063999999999999994,0.003076923076923076,,0.09999999999999999,0.018181818181818174,,,,,,,,0.039999999999999994,0.12250000000000001
AaegL5_2_41678107_41678110_rnd_1_family_172_DNA_hAT_hATm.,,,,,,,,,,,,,,,,,,1.0,,,,,,,,,,,,,,,,,,,,,,,,,,,,,,,,,,,,,,,,,,,,,,,,,,,,,,,,,,,,
AaegL5_2_41678980_41679044_rnd_1_family_259_SINE_ID.,,,,,,,,,,,,,,,,,,,1.0,,,,,,,,,,,,,,,,,,,,,,,,,,,,,,,,,,,,,,,,,,,,,,,,,,,,,,,,,,,
AaegL5_2_41681100_41681242_rnd_1_family_176_DNA_TcMar_Fot1.,,0.03396739130434783,,0.0028409090909090897,0.009999999999999998,,,0.010989010989010981,0.015625,,,,,,0.0625,,0.12250000000000001,,,1.0,0.009999999999999998,,,0.0284090909090909,,0.0284090909090909,0.021739130434782608,,,0.04375,0.004807692307692307,0.04375,,0.004807692307692307,,,,,0.021739130434782608,0.004807692307692307,,,,0.004807692307692307,,,0.009999999999999998,,0.004807692307692307,,,,0.39062500000000006,0.12250000000000001,0.6399999999999999,,0.0625,,0.009999999999999998,0.004807692307692307,,0.009999999999999998,0.03571428571428571,0.12250000000000001,0.009999999999999998,0.004807692307692307,,0.15625,0.0284090909090909,,,,,,,,0.0,0.015625
AaegL5_2_41687246_41687450_rnd_1_family_349_Unknown.,,0.07847826086956522,,0.0028409090909090936,0.0063999999999999994,,,0.08615384615384615,0.009999999999999998,,,,,,0.039999999999999994,,0.0063999999999999994,,,0.009999999999999998,1.0,,,0.352,,0.05254545454545454,0.0784782608695652,,,0.02414285714285714,0.003076923076923076,0.02414285714285714,,0.003076923076923076,,,,,0.013913043478260867,0.003076923076923076,,,,0.003076923076923076,,,0.0063999999999999994,,0.003076923076923076,,,,0.009999999999999998,0.0063999999999999994,0.0063999999999999994,,0.009999999999999998,,0.0063999999999999994,0.003076923076923076,,0.0063999999999999994,0.03571428571428571,0.0063999999999999994,0.0063999999999999994,0.003076923076923076,,0.06399999999999997,0.05254545454545454,,,,,,,,0.009999999999999998,0.009999999999999998
AaegL5_2_41687715_41687905_rnd_1_family_34_SINE_tRNA.,,,,,,,,,,,,,,,,,,,,,,1.0,,,,,,,,,,,,,,,,,,,,,,,,,,,,,,,,,,,,,,,,,,,,,,,,,,,,,,,,
AaegL5_2_41687810_41688644_rnd_1_family_119_LINE_R1.,,,,,,,,,,,,,,,,,,,,,,,1.0,,,,,,,,,,,,,,,,,,,,,,,,,,,,,,,,,,,,,,,,,,,,,,,,,,,,,,,
AaegL5_2_41689007_41690280_rnd_1_family_581_Unknown.,,0.11422924901185771,,0.03491735537190083,0.018181818181818174,,,0.09235764235764235,0.0284090909090909,,,,,,0.018181818181818177,,0.018181818181818174,,,0.0284090909090909,0.352,,,1.0,,0.2591735537190082,0.004841897233201583,,,0.023441558441558444,0.008741258741258737,0.004155844155844151,,0.008741258741258737,,,,,0.004841897233201583,0.16923076923076918,,,,0.008741258741258737,,,0.018181818181818174,,0.008741258741258737,,,,0.0284090909090909,0.018181818181818174,0.018181818181818174,,0.0284090909090909,,0.05254545454545454,0.008741258741258737,,0.018181818181818174,0.0006493506493506478,0.018181818181818174,0.018181818181818174,0.008741258741258737,,0.054999999999999966,0.06950413223140496,,,,,,,,0.0045454545454545435,0.0284090909090909
AaegL5_2_41689866_41690145_rnd_5_family_2134_DNA.,,,,,,,,,,,,,,,,,,,,,,,,,1.0,,,,,,,,,,,,,,,,,,,,,,,,,,,,,,,,,,,,,,,,,,,,,,,,,,,,,
AaegL5_2_41690887_41691065_rnd_6_family_2695_LINE_L1_Tx1.,,0.004841897233201584,,0.14509297520661157,0.018181818181818174,,,0.012787212787212787,0.0284090909090909,,,,,,0.018181818181818177,,0.018181818181818174,,,0.0284090909090909,0.05254545454545454,,,0.2591735537190082,,1.0,0.1142292490118577,,,0.13740259740259742,0.008741258741258737,0.023441558441558444,,0.008741258741258737,,,,,0.004841897233201583,0.008741258741258737,,,,0.008741258741258737,,,0.018181818181818174,,0.008741258741258737,,,,0.0284090909090909,0.018181818181818174,0.018181818181818174,,0.0284090909090909,,0.05254545454545454,0.008741258741258737,,0.018181818181818174,0.041558441558441565,0.018181818181818174,0.018181818181818174,0.008741258741258737,,0.054999999999999966,0.06950413223140496,,,,,,,,0.0727272727272727,0.0284090909090909
AaegL5_2_41698921_41699326_rnd_1_family_94_DNA_hAT_Ac.,,0.03024574669187145,,0.0845479249011858,0.013913043478260867,,,0.00023889154323937113,0.03396739130434783,,,,,,0.0869565217391304,,0.013913043478260867,,,0.021739130434782608,0.0784782608695652,,,0.004841897233201583,,0.1142292490118577,1.0,,,0.05248447204968945,0.00668896321070234,0.05248447204968945,,0.00668896321070234,,,,,0.03024574669187145,0.00668896321070234,,,,0.00668896321070234,,,0.013913043478260868,,0.00668896321070234,,,,0.03396739130434783,0.013913043478260868,0.013913043478260868,,0.03396739130434783,,0.013913043478260868,0.22115384615384612,,0.013913043478260868,0.07763975155279504,0.013913043478260868,0.013913043478260868,0.00668896321070234,,0.13913043478260864,0.03952569169960474,,,,,,,,0.021739130434782605,0.021739130434782608
AaegL5_2_41698936_41699023_rnd_1_family_685_Unknown.,,,,,,,,,,,,,,,,,,,,,,,,,,,,1.0,,,,,,,,,,,,,,,,,,,,,,,,,,,,,,,,,,,,,,,,,,,,,,,,,,
AaegL5_2_41699052_41699168_rnd_1_family_369_DNA_CMC_Transib.,,,,,,,,,,,,,,,,,,,,,,,,,,,,,1.0,,,,,,,,,,,,,,,,,,,,,,,,,,,,,,,,,,,,,,,,,,,,,,,,,
AaegL5_2_41699172_41699533_rnd_1_family_229_DNA_Sola.,,0.06086956521739131,,0.0006493506493506513,0.027999999999999994,,,0.003924646781789637,0.003571428571428572,,,,,,0.003571428571428571,,0.027999999999999994,,,0.04375,0.02414285714285714,,,0.023441558441558444,,0.13740259740259742,0.05248447204968945,,,1.0,0.01346153846153846,0.052244897959183696,,0.01346153846153846,,,,,0.05248447204968945,0.01346153846153846,,,,0.1098901098901099,,,0.028,,0.1098901098901099,,,,0.043750000000000004,0.028,0.028,,0.003571428571428573,,0.024142857142857146,0.01346153846153846,,0.2285714285714286,0.2469387755102042,0.024142857142857146,0.024142857142857146,0.01346153846153846,,0.12892857142857136,0.13740259740259744,,,,,,,,0.014285714285714285,0.043750000000000004
AaegL5_2_41699173_41699208_rnd_1_family_30_DNA.,,0.00668896321070234,,0.026442307692307692,0.4807692307692308,,,0.03571428571428569,0.004807692307692307,,,,,,0.0769230769230769,,0.003076923076923076,,,0.004807692307692307,0.003076923076923076,,,0.008741258741258737,,0.008741258741258737,0.00668896321070234,,,0.01346153846153846,1.0,0.013461538461538459,,0.001479289940828402,,,,,0.00668896321070234,0.001479289940828402,,,,0.001479289940828402,,,0.003076923076923076,,0.001479289940828402,,,,0.004807692307692306,0.003076923076923076,0.003076923076923076,,0.004807692307692306,,0.003076923076923076,0.001479289940828402,,0.003076923076923076,0.010989010989010986,0.003076923076923076,0.4807692307692308,0.001479289940828402,,0.04807692307692308,0.008741258741258738,,,,,,,,0.01923076923076923,0.3076923076923076
AaegL5_2_41715184_41715731_rnd_5_family_864_DNA_CMC_Transib.,,7.763975155279487e-05,,0.0006493506493506513,0.02414285714285714,,,0.003924646781789637,0.003571428571428572,,,,,,0.003571428571428571,,0.027999999999999994,,,0.04375,0.02414285714285714,,,0.004155844155844151,,0.023441558441558444,0.05248447204968945,,,0.052244897959183696,0.013461538461538459,1.0,,0.01346153846153846,,,,,0.06086956521739131,0.01346153846153846,,,,0.01346153846153846,,,0.024142857142857146,,0.01346153846153846,,,,0.043750000000000004,0.024142857142857146,0.028,,0.043750000000000004,,0.028,0.01346153846153846,,0.028,0.008163265306122453,0.028,0.028,0.01346153846153846,,0.00035714285714285394,0.0041558441558441515,,,,,,,,0.08928571428571429,0.003571428571428573
AaegL5_2_41723018_41723327_rnd_1_family_188_DNA_TcMar_Fot1.,,,,,,,,,,,,,,,,,,,,,,,,,,,,,,,,,1.0,,,,,,,,,,,,,,,,,,,,,,,,,,,,,,,,,,,,,,,,,,,,,
AaegL5_2_41731132_41731588_rnd_1_family_612_Unknown.,,0.00668896321070234,,0.05594405594405597,0.003076923076923076,,,0.04142011834319526,0.004807692307692307,,,,,,0.019230769230769225,,0.4807692307692308,,,0.004807692307692307,0.003076923076923076,,,0.008741258741258737,,0.008741258741258737,0.00668896321070234,,,0.01346153846153846,0.001479289940828402,0.01346153846153846,,1.0,,,,,0.00668896321070234,0.001479289940828402,,,,0.001479289940828402,,,0.4807692307692308,,0.001479289940828402,,,,0.004807692307692306,0.003076923076923076,0.003076923076923076,,0.004807692307692306,,0.003076923076923076,0.001479289940828402,,0.003076923076923076,0.010989010989010986,0.003076923076923076,0.003076923076923076,0.001479289940828402,,0.04807692307692308,0.008741258741258738,,,,,,,,0.01923076923076923,0.3076923076923076
AaegL5_2_41733601_41734570_rnd_1_family_441_DNA_Sola.,,,,,,,,,,,,,,,,,,,,,,,,,,,,,,,,,,,1.0,,,,,,,,,,,,,,,,,,,,,,,,,,,,,,,,,,,,,,,,,,,
AaegL5_2_41733728_41734149_rnd_1_family_158_DNA_Zator.,,,,,,,,,,,,,,,,,,,,,,,,,,,,,,,,,,,,1.0,,,,,,,,,,,,,,,,,,,,,,,,,,,,,,,,,,,,,,,,,,
AaegL5_2_41735090_41735358_rnd_1_family_737_Unknown.,,,,,,,,,,,,,,,,,,,,,,,,,,,,,,,,,,,,,1.0,,,,,,,,,,,,,,,,,,,,,,,,,,,,,,,,,,,,,,,,,
AaegL5_2_41738853_41739198_rnd_1_family_212_DNA.,,,,,,,,,,,,,,,,,,,,,,,,,,,,,,,,,,,,,,1.0,,,,,,,,,,,,,,,,,,,,,,,,,,,,,,,,,,,,,,,,
AaegL5_2_41741106_41741714_rnd_1_family_222_LINE_Penelope.,,0.03024574669187145,,0.11956521739130435,0.013913043478260867,,,0.03732680363115142,0.021739130434782608,,,,,,0.3478260869565216,,0.013913043478260867,,,0.021739130434782608,0.013913043478260867,,,0.004841897233201583,,0.004841897233201583,0.03024574669187145,,,0.05248447204968945,0.00668896321070234,0.06086956521739131,,0.00668896321070234,,,,,1.0,0.00668896321070234,,,,0.22115384615384612,,,0.013913043478260868,,0.22115384615384612,,,,0.021739130434782608,0.013913043478260868,0.013913043478260868,,0.03396739130434783,,0.07847826086956522,0.00668896321070234,,0.07847826086956522,0.04968944099378881,0.07847826086956522,0.07847826086956522,0.00668896321070234,,0.002173913043478263,0.004841897233201584,,,,,,,,0.005434782608695651,0.021739130434782608
AaegL5_2_41755990_41756752_rnd_1_family_917_Unknown.,,0.00668896321070234,,0.05594405594405597,0.003076923076923076,,,0.04142011834319526,0.004807692307692307,,,,,,0.019230769230769225,,0.003076923076923076,,,0.004807692307692307,0.003076923076923076,,,0.16923076923076918,,0.008741258741258737,0.00668896321070234,,,0.01346153846153846,0.001479289940828402,0.01346153846153846,,0.001479289940828402,,,,,0.00668896321070234,1.0,,,,0.001479289940828402,,,0.003076923076923076,,0.001479289940828402,,,,0.004807692307692306,0.003076923076923076,0.003076923076923076,,0.004807692307692306,,0.003076923076923076,0.001479289940828402,,0.003076923076923076,0.010989010989010986,0.003076923076923076,0.003076923076923076,0.001479289940828402,,0.030769230769230764,0.008741258741258738,,,,,,,,0.01923076923076923,0.004807692307692306
AaegL5_2_41756729_41757237_rnd_3_family_107_Unknown.,,,,,,,,,,,,,,,,,,,,,,,,,,,,,,,,,,,,,,,,,1.0,,,,,,,,,,,,,,,,,,,,,,,,,,,,,,,,,,,,,
AaegL5_2_41756750_41757175_rnd_4_family_40_LINE_RTE_BovB.,,,,,,,,,,,,,,,,,,,,,,,,,,,,,,,,,,,,,,,,,,1.0,,,,,,,,,,,,,,,,,,,,,,,,,,,,,,,,,,,,
AaegL5_2_41756750_41757323_rnd_6_family_406_LINE_RTE_BovB.,,,,,,,,,,,,,,,,,,,,,,,,,,,,,,,,,,,,,,,,,,,1.0,,,,,,,,,,,,,,,,,,,,,,,,,,,,,,,,,,,
AaegL5_2_41762588_41762799_rnd_1_family_461_RC_Helitron.,,0.00668896321070234,,0.026442307692307692,0.003076923076923076,,,0.03571428571428569,0.004807692307692307,,,,,,0.0769230769230769,,0.003076923076923076,,,0.004807692307692307,0.003076923076923076,,,0.008741258741258737,,0.008741258741258737,0.00668896321070234,,,0.1098901098901099,0.001479289940828402,0.01346153846153846,,0.001479289940828402,,,,,0.22115384615384612,0.001479289940828402,,,,1.0,,,0.003076923076923076,,0.9999999999999998,,,,0.004807692307692306,0.003076923076923076,0.003076923076923076,,0.3076923076923076,,0.003076923076923076,0.001479289940828402,,0.4807692307692308,0.010989010989010986,0.4807692307692308,0.4807692307692308,0.001479289940828402,,0.04807692307692308,0.008741258741258738,,,,,,,,0.07692307692307691,0.004807692307692306
AaegL5_2_41766085_41766399_rnd_1_family_34_SINE_tRNA.,,,,,,,,,,,,,,,,,,,,,,,,,,,,,,,,,,,,,,,,,,,,,1.0,,,,,,,,,,,,,,,,,,,,,,,,,,,,,,,,,
AaegL5_2_41766318_41766407_rnd_5_family_362_DNA.,,,,,,,,,,,,,,,,,,,,,,,,,,,,,,,,,,,,,,,,,,,,,,1.0,,,,,,,,,,,,,,,,,,,,,,,,,,,,,,,,
AaegL5_2_41766473_41766903_rnd_1_family_729_DNA_CMC_EnSpm.,,0.07847826086956522,,0.11636363636363642,0.0063999999999999994,,,0.08615384615384615,0.12250000000000001,,,,,,0.039999999999999994,,0.21159999999999995,,,0.009999999999999998,0.0063999999999999994,,,0.018181818181818174,,0.018181818181818174,0.013913043478260868,,,0.028,0.003076923076923076,0.024142857142857146,,0.4807692307692308,,,,,0.013913043478260868,0.003076923076923076,,,,0.003076923076923076,,,1.0,,0.003076923076923076,,,,0.009999999999999998,0.0063999999999999994,0.0063999999999999994,,0.009999999999999998,,0.0063999999999999994,0.003076923076923076,,0.0063999999999999994,0.02285714285714285,0.0063999999999999994,0.0063999999999999994,0.003076923076923076,,0.09999999999999999,0.018181818181818174,,,,,,,,0.009999999999999998,0.6399999999999999
AaegL5_2_41770236_41770376_rnd_1_family_195_DNA_CMC_Transib.,,,,,,,,,,,,,,,,,,,,,,,,,,,,,,,,,,,,,,,,,,,,,,,,1.0,,,,,,,,,,,,,,,,,,,,,,,,,,,,,,
AaegL5_2_41773586_41773846_rnd_1_family_52_DNA_CMC_Chapaev.,,0.00668896321070234,,0.026442307692307692,0.003076923076923076,,,0.03571428571428569,0.004807692307692307,,,,,,0.0769230769230769,,0.003076923076923076,,,0.004807692307692307,0.003076923076923076,,,0.008741258741258737,,0.008741258741258737,0.00668896321070234,,,0.1098901098901099,0.001479289940828402,0.01346153846153846,,0.001479289940828402,,,,,0.22115384615384612,0.001479289940828402,,,,0.9999999999999998,,,0.003076923076923076,,1.0,,,,0.004807692307692306,0.003076923076923076,0.003076923076923076,,0.3076923076923076,,0.003076923076923076,0.001479289940828402,,0.4807692307692308,0.010989010989010986,0.4807692307692308,0.4807692307692308,0.001479289940828402,,0.04807692307692308,0.008741258741258738,,,,,,,,0.07692307692307691,0.004807692307692306
AaegL5_2_41788603_41788816_rnd_1_family_844_Unknown.,,,,,,,,,,,,,,,,,,,,,,,,,,,,,,,,,,,,,,,,,,,,,,,,,,1.0,,,,,,,,,,,,,,,,,,,,,,,,,,,,
AaegL5_2_41795087_41795368_rnd_1_family_208_DNA_Sola.,,,,,,,,,,,,,,,,,,,,,,,,,,,,,,,,,,,,,,,,,,,,,,,,,,,1.0,,,,,,,,,,,,,,,,,,,,,,,,,,,
AaegL5_2_41797989_41798165_rnd_1_family_580_DNA_TcMar_Tc1.,,,,,,,,,,,,,,,,,,,,,,,,,,,,,,,,,,,,,,,,,,,,,,,,,,,,1.0,,,,,,,,,,,,,,,,,,,,,,,,,,
AaegL5_2_41798673_41800306_rnd_1_family_685_Unknown.,,0.03396739130434783,,0.034801136363636374,0.009999999999999998,,,0.017170329670329675,0.0625,,,,,,0.0625,,0.009999999999999998,,,0.39062500000000006,0.009999999999999998,,,0.0284090909090909,,0.0284090909090909,0.03396739130434783,,,0.043750000000000004,0.004807692307692306,0.043750000000000004,,0.004807692307692306,,,,,0.021739130434782608,0.004807692307692306,,,,0.004807692307692306,,,0.009999999999999998,,0.004807692307692306,,,,1.0,0.12250000000000001,0.6399999999999999,,0.39062500000000006,,0.009999999999999998,0.30769230769230765,,0.009999999999999998,0.008928571428571428,0.12250000000000001,0.009999999999999998,0.004807692307692307,,0.025,0.0284090909090909,,,,,,,,0.0625,0.015625
AaegL5_2_41800182_41800944_rnd_1_family_94_DNA_hAT_Ac.,,0.07847826086956522,,0.0028409090909090936,0.0063999999999999994,,,0.00010989010989011073,0.009999999999999998,,,,,,0.039999999999999994,,0.0063999999999999994,,,0.12250000000000001,0.0063999999999999994,,,0.018181818181818174,,0.018181818181818174,0.013913043478260868,,,0.028,0.003076923076923076,0.024142857142857146,,0.003076923076923076,,,,,0.013913043478260868,0.003076923076923076,,,,0.003076923076923076,,,0.0063999999999999994,,0.003076923076923076,,,,0.12250000000000001,1.0,0.21159999999999995,,0.009999999999999998,,0.0063999999999999994,0.003076923076923076,,0.0063999999999999994,0.02285714285714285,0.0063999999999999994,0.0063999999999999994,0.003076923076923076,,0.0010000000000000007,0.018181818181818174,,,,,,,,0.009999999999999998,0.009999999999999998
AaegL5_2_41801307_41801626_rnd_1_family_1144_LTR_Gypsy.,,0.07847826086956522,,0.0028409090909090936,0.0063999999999999994,,,0.00010989010989011073,0.009999999999999998,,,,,,0.039999999999999994,,0.0063999999999999994,,,0.6399999999999999,0.0063999999999999994,,,0.018181818181818174,,0.018181818181818174,0.013913043478260868,,,0.028,0.003076923076923076,0.028,,0.003076923076923076,,,,,0.013913043478260868,0.003076923076923076,,,,0.003076923076923076,,,0.0063999999999999994,,0.003076923076923076,,,,0.6399999999999999,0.21159999999999995,1.0,,0.12250000000000001,,0.0063999999999999994,0.003076923076923076,,0.0063999999999999994,0.02285714285714285,0.21159999999999995,0.0063999999999999994,0.003076923076923076,,0.09999999999999999,0.018181818181818174,,,,,,,,0.009999999999999998,0.009999999999999998
AaegL5_2_41807044_41807873_rnd_1_family_716_DNA_CMC_Transib.,,,,,,,,,,,,,,,,,,,,,,,,,,,,,,,,,,,,,,,,,,,,,,,,,,,,,,,,1.0,,,,,,,,,,,,,,,,,,,,,,
AaegL5_2_41819873_41820723_rnd_2_family_47_DNA_TcMar_Fot1.,,0.021739130434782608,,0.0028409090909090897,0.009999999999999998,,,0.010989010989010981,0.0625,,,,,,0.0,,0.009999999999999998,,,0.0625,0.009999999999999998,,,0.0284090909090909,,0.0284090909090909,0.03396739130434783,,,0.003571428571428573,0.004807692307692306,0.043750000000000004,,0.004807692307692306,,,,,0.03396739130434783,0.004807692307692306,,,,0.3076923076923076,,,0.009999999999999998,,0.3076923076923076,,,,0.39062500000000006,0.009999999999999998,0.12250000000000001,,1.0,,0.009999999999999998,0.30769230769230765,,0.12250000000000001,0.008928571428571428,0.6399999999999999,0.12250000000000001,0.004807692307692307,,0.025,0.0284090909090909,,,,,,,,0.0625,0.015625
AaegL5_2_41822539_41822755_rnd_1_family_235_DNA_Sola.,,,,,,,,,,,,,,,,,,,,,,,,,,,,,,,,,,,,,,,,,,,,,,,,,,,,,,,,,,1.0,,,,,,,,,,,,,,,,,,,,
AaegL5_2_41823703_41825439_rnd_5_family_921_LINE_R1.,,0.013913043478260868,,0.0028409090909090936,0.0063999999999999994,,,0.00010989010989011073,0.009999999999999998,,,,,,0.009999999999999998,,0.0063999999999999994,,,0.009999999999999998,0.0063999999999999994,,,0.05254545454545454,,0.05254545454545454,0.013913043478260868,,,0.024142857142857146,0.003076923076923076,0.028,,0.003076923076923076,,,,,0.07847826086956522,0.003076923076923076,,,,0.003076923076923076,,,0.0063999999999999994,,0.003076923076923076,,,,0.009999999999999998,0.0063999999999999994,0.0063999999999999994,,0.009999999999999998,,1.0,0.003076923076923076,,0.0063999999999999994,0.03571428571428571,0.0063999999999999994,0.0063999999999999994,0.003076923076923076,,0.06399999999999997,0.352,,,,,,,,0.009999999999999998,0.009999999999999998
AaegL5_2_41823922_41825602_rnd_1_family_1004_Unknown.,,0.00668896321070234,,0.05594405594405597,0.003076923076923076,,,0.04142011834319526,0.30769230769230765,,,,,,0.019230769230769225,,0.003076923076923076,,,0.004807692307692307,0.003076923076923076,,,0.008741258741258737,,0.008741258741258737,0.22115384615384612,,,0.01346153846153846,0.001479289940828402,0.01346153846153846,,0.001479289940828402,,,,,0.00668896321070234,0.001479289940828402,,,,0.001479289940828402,,,0.003076923076923076,,0.001479289940828402,,,,0.30769230769230765,0.003076923076923076,0.003076923076923076,,0.30769230769230765,,0.003076923076923076,1.0,,0.003076923076923076,0.13461538461538464,0.003076923076923076,0.003076923076923076,0.001479289940828402,,0.030769230769230764,0.008741258741258738,,,,,,,,0.07692307692307691,0.004807692307692306
AaegL5_2_41824409_41824709_rnd_1_family_438_LTR_Pao.,,,,,,,,,,,,,,,,,,,,,,,,,,,,,,,,,,,,,,,,,,,,,,,,,,,,,,,,,,,,,1.0,,,,,,,,,,,,,,,,,
AaegL5_2_41824652_41825220_rnd_3_family_1017_DNA_TcMar.,,0.013913043478260868,,0.0028409090909090936,0.0063999999999999994,,,0.00010989010989011073,0.009999999999999998,,,,,,0.009999999999999998,,0.0063999999999999994,,,0.009999999999999998,0.0063999999999999994,,,0.018181818181818174,,0.018181818181818174,0.013913043478260868,,,0.2285714285714286,0.003076923076923076,0.028,,0.003076923076923076,,,,,0.07847826086956522,0.003076923076923076,,,,0.4807692307692308,,,0.0063999999999999994,,0.4807692307692308,,,,0.009999999999999998,0.0063999999999999994,0.0063999999999999994,,0.12250000000000001,,0.0063999999999999994,0.003076923076923076,,1.0,0.03571428571428571,0.21159999999999995,0.21159999999999995,0.003076923076923076,,0.0010000000000000007,0.018181818181818174,,,,,,,,0.009999999999999998,0.009999999999999998
AaegL5_2_41825280_41825621_rnd_1_family_609_DNA_TcMar.,,0.04968944099378881,,0.2146915584415585,0.02285714285714285,,,0.14167974882260598,0.14285714285714285,,,,,,0.14285714285714285,,0.02285714285714285,,,0.03571428571428571,0.03571428571428571,,,0.0006493506493506478,,0.041558441558441565,0.07763975155279504,,,0.2469387755102042,0.010989010989010986,0.008163265306122453,,0.010989010989010986,,,,,0.04968944099378881,0.010989010989010986,,,,0.010989010989010986,,,0.02285714285714285,,0.010989010989010986,,,,0.008928571428571428,0.02285714285714285,0.02285714285714285,,0.008928571428571428,,0.03571428571428571,0.13461538461538464,,0.03571428571428571,1.0,0.02285714285714285,0.02285714285714285,0.010989010989010986,,0.22857142857142856,0.18766233766233764,,,,,,,,0.14285714285714282,0.03571428571428571
AaegL5_2_41833466_41834072_rnd_1_family_565_DNA_Sola.,,0.013913043478260868,,0.055,0.0063999999999999994,,,0.07428571428571425,0.009999999999999998,,,,,,0.009999999999999998,,0.0063999999999999994,,,0.12250000000000001,0.0063999999999999994,,,0.018181818181818174,,0.018181818181818174,0.013913043478260868,,,0.024142857142857146,0.003076923076923076,0.028,,0.003076923076923076,,,,,0.07847826086956522,0.003076923076923076,,,,0.4807692307692308,,,0.0063999999999999994,,0.4807692307692308,,,,0.12250000000000001,0.0063999999999999994,0.21159999999999995,,0.6399999999999999,,0.0063999999999999994,0.003076923076923076,,0.21159999999999995,0.02285714285714285,1.0,0.21159999999999995,0.003076923076923076,,0.09999999999999999,0.018181818181818174,,,,,,,,0.009999999999999998,0.009999999999999998
AaegL5_2_41833659_41834318_rnd_1_family_243_DNA_Sola.,,0.013913043478260868,,0.055,0.21159999999999995,,,0.07428571428571425,0.009999999999999998,,,,,,0.15999999999999998,,0.0063999999999999994,,,0.009999999999999998,0.0063999999999999994,,,0.018181818181818174,,0.018181818181818174,0.013913043478260868,,,0.024142857142857146,0.4807692307692308,0.028,,0.003076923076923076,,,,,0.07847826086956522,0.003076923076923076,,,,0.4807692307692308,,,0.0063999999999999994,,0.4807692307692308,,,,0.009999999999999998,0.0063999999999999994,0.0063999999999999994,,0.12250000000000001,,0.0063999999999999994,0.003076923076923076,,0.21159999999999995,0.02285714285714285,0.21159999999999995,1.0,0.003076923076923076,,0.09999999999999999,0.018181818181818174,,,,,,,,0.009999999999999998,0.12250000000000001
AaegL5_2_41833960_41834309_rnd_6_family_300_DNA_hAT_Tip100.,,0.00668896321070234,,0.026442307692307692,0.003076923076923076,,,0.04142011834319526,0.004807692307692307,,,,,,0.019230769230769225,,0.003076923076923076,,,0.004807692307692307,0.003076923076923076,,,0.008741258741258737,,0.008741258741258737,0.00668896321070234,,,0.01346153846153846,0.001479289940828402,0.01346153846153846,,0.001479289940828402,,,,,0.00668896321070234,0.001479289940828402,,,,0.001479289940828402,,,0.003076923076923076,,0.001479289940828402,,,,0.004807692307692307,0.003076923076923076,0.003076923076923076,,0.004807692307692307,,0.003076923076923076,0.001479289940828402,,0.003076923076923076,0.010989010989010986,0.003076923076923076,0.003076923076923076,1.0,,0.030769230769230764,0.008741258741258738,,,,,,,,0.01923076923076923,0.004807692307692306
AaegL5_2_41835583_41835606_rnd_1_family_799_Unknown.,,,,,,,,,,,,,,,,,,,,,,,,,,,,,,,,,,,,,,,,,,,,,,,,,,,,,,,,,,,,,,,,,,,1.0,,,,,,,,,,,
AaegL5_2_41847790_A301S_encoding_1,,0.0657608695652174,,0.018181818181818174,0.09999999999999999,,,0.07032967032967027,0.00625,,,,,,0.09999999999999998,,0.09999999999999999,,,0.15625,0.06399999999999997,,,0.054999999999999966,,0.054999999999999966,0.13913043478260864,,,0.12892857142857136,0.04807692307692308,0.00035714285714285394,,0.04807692307692308,,,,,0.002173913043478263,0.030769230769230764,,,,0.04807692307692308,,,0.09999999999999999,,0.04807692307692308,,,,0.025,0.0010000000000000007,0.09999999999999999,,0.025,,0.06399999999999997,0.030769230769230764,,0.0010000000000000007,0.22857142857142856,0.09999999999999999,0.09999999999999999,0.030769230769230764,,1.0,0.18181818181818177,,,,,,,,0.024999999999999994,0.15625
AaegL5_2_41847790_A301S_encoding_2,,0.004841897233201584,,5.1652892561983355e-05,0.018181818181818174,,,0.012787212787212787,0.018181818181818184,,,,,,0.018181818181818177,,0.018181818181818174,,,0.0284090909090909,0.05254545454545454,,,0.06950413223140496,,0.06950413223140496,0.03952569169960474,,,0.13740259740259744,0.008741258741258738,0.0041558441558441515,,0.008741258741258738,,,,,0.004841897233201584,0.008741258741258738,,,,0.008741258741258738,,,0.018181818181818174,,0.008741258741258738,,,,0.0284090909090909,0.018181818181818174,0.018181818181818174,,0.0284090909090909,,0.352,0.008741258741258738,,0.018181818181818174,0.18766233766233764,0.018181818181818174,0.018181818181818174,0.008741258741258738,,0.18181818181818177,1.0,,,,,,,,0.004545454545454544,0.0284090909090909
AaegL5_2_41849456_41849544_rnd_1_family_302_DNA_Sola.,,,,,,,,,,,,,,,,,,,,,,,,,,,,,,,,,,,,,,,,,,,,,,,,,,,,,,,,,,,,,,,,,,,,,,1.0,,,,,,,,
AaegL5_2_41849940_41849951_rnd_6_family_1128_DNA_Zator.,,,,,,,,,,,,,,,,,,,,,,,,,,,,,,,,,,,,,,,,,,,,,,,,,,,,,,,,,,,,,,,,,,,,,,,1.0,,,,,,,
AaegL5_2_41852166_41853695_rnd_1_family_54_DNA_MULE_MuDR.,,,,,,,,,,,,,,,,,,,,,,,,,,,,,,,,,,,,,,,,,,,,,,,,,,,,,,,,,,,,,,,,,,,,,,,,1.0,,,,,,
AaegL5_2_41853313_41853444_rnd_1_family_823_LINE_RTE_BovB.,,,,,,,,,,,,,,,,,,,,,,,,,,,,,,,,,,,,,,,,,,,,,,,,,,,,,,,,,,,,,,,,,,,,,,,,,1.0,,,,,
AaegL5_2_41853385_41853562_rnd_1_family_130_LINE_R1.,,,,,,,,,,,,,,,,,,,,,,,,,,,,,,,,,,,,,,,,,,,,,,,,,,,,,,,,,,,,,,,,,,,,,,,,,,1.0,,,,
AaegL5_2_41855879_41857295_rnd_1_family_67_DNA_CMC_Chapaev.,,,,,,,,,,,,,,,,,,,,,,,,,,,,,,,,,,,,,,,,,,,,,,,,,,,,,,,,,,,,,,,,,,,,,,,,,,,1.0,,,
AaegL5_2_41855964_41856096_rnd_1_family_138_DNA_Sola.,,,,,,,,,,,,,,,,,,,,,,,,,,,,,,,,,,,,,,,,,,,,,,,,,,,,,,,,,,,,,,,,,,,,,,,,,,,,1.0,,
AaegL5_2_41861453_41862335_rnd_1_family_799_Unknown.,,0.1358695652173913,,0.2840909090909091,0.009999999999999998,,,0.17582417582417575,0.0625,,,,,,0.027777777777777773,,0.039999999999999994,,,0.0,0.009999999999999998,,,0.0045454545454545435,,0.0727272727272727,0.021739130434782605,,,0.014285714285714285,0.01923076923076923,0.08928571428571429,,0.01923076923076923,,,,,0.005434782608695651,0.01923076923076923,,,,0.07692307692307691,,,0.009999999999999998,,0.07692307692307691,,,,0.0625,0.009999999999999998,0.009999999999999998,,0.0625,,0.009999999999999998,0.07692307692307691,,0.009999999999999998,0.14285714285714282,0.009999999999999998,0.009999999999999998,0.01923076923076923,,0.024999999999999994,0.004545454545454544,,,,,,,,1.0,0.0
AaegL5_2_41866553_41867114_rnd_1_family_846_Unknown.,,0.03396739130434783,,0.034801136363636374,0.12250000000000001,,,0.017170329670329675,0.0625,,,,,,0.0,,0.12250000000000001,,,0.015625,0.009999999999999998,,,0.0284090909090909,,0.0284090909090909,0.021739130434782608,,,0.043750000000000004,0.3076923076923076,0.003571428571428573,,0.3076923076923076,,,,,0.021739130434782608,0.004807692307692306,,,,0.004807692307692306,,,0.6399999999999999,,0.004807692307692306,,,,0.015625,0.009999999999999998,0.009999999999999998,,0.015625,,0.009999999999999998,0.004807692307692306,,0.009999999999999998,0.03571428571428571,0.009999999999999998,0.12250000000000001,0.004807692307692306,,0.15625,0.0284090909090909,,,,,,,,0.0,1.0
